May 17 11:40:43 osmanubuntu kernel: [    5.202137] audit: type=1400 audit(1779018043.280:71): apparmor="DENIED" operation="capable" profile="/usr/sbin/cups-browsed" pid=866 comm="cups-browsed" capability=23  capname="sys_nice"
May 17 11:40:43 osmanubuntu kernel: [    5.222203] loop9: detected capacity change from 0 to 8
May 17 11:40:43 osmanubuntu kernel: [    5.312470] audit: type=1400 audit(1779018043.388:72): apparmor="STATUS" operation="profile_replace" profile="unconfined" name="/usr/lib/snapd/snap-confine" pid=968 comm="apparmor_parser"
May 17 11:40:43 osmanubuntu kernel: [    5.325688] audit: type=1400 audit(1779018043.404:73): apparmor="STATUS" operation="profile_replace" profile="unconfined" name="/usr/lib/snapd/snap-confine//mount-namespace-capture-helper" pid=968 comm="apparmor_parser"
May 17 11:40:53 osmanubuntu kernel: [   15.336251] virtio_gpu virtio1: [drm] drm_plane_enable_fb_damage_clips() not called
May 17 11:40:54 osmanubuntu kernel: [   16.237366] rfkill: input handler disabled
May 17 11:40:54 osmanubuntu kernel: [   16.560997] input: spice vdagent tablet as /devices/virtual/input/input4
May 17 11:41:03 osmanubuntu kernel: [   25.912993] rfkill: input handler enabled
May 17 11:41:04 osmanubuntu kernel: [   26.837326] rfkill: input handler disabled
May 17 11:41:05 osmanubuntu kernel: [   27.358666] input: spice vdagent tablet as /devices/virtual/input/input5
May 17 11:43:37 osmanubuntu kernel: [  179.118249] rfkill: input handler enabled
May 17 11:43:51 osmanubuntu kernel: [    0.000000] Booting Linux on physical CPU 0x0000000000 [0x610f0000]
May 17 11:43:51 osmanubuntu kernel: [    0.000000] Linux version 5.15.0-177-generic (buildd@bos03-arm64-051) (gcc (Ubuntu 11.4.0-1ubuntu1~22.04.3) 11.4.0, GNU ld (GNU Binutils for Ubuntu) 2.38) #187-Ubuntu SMP Sat Apr 11 22:54:36 UTC 2026 (Ubuntu 5.15.0-177.187-generic 5.15.199)
May 17 11:43:51 osmanubuntu kernel: [    0.000000] efi: EFI v2.70 by EDK II
May 17 11:43:51 osmanubuntu kernel: [    0.000000] efi: SMBIOS 3.0=0x23f810000 MEMATTR=0x23e803118 ACPI 2.0=0x23c150018 MOKvar=0x23c060000 RNG=0x23c15e698 MEMRESERVE=0x23c483618 
May 17 11:43:51 osmanubuntu kernel: [    0.000000] random: crng init done
May 17 11:43:51 osmanubuntu kernel: [    0.000000] secureboot: Secure boot disabled
May 17 11:43:51 osmanubuntu kernel: [    0.000000] ACPI: Early table checksum verification disabled
May 17 11:43:51 osmanubuntu kernel: [    0.000000] ACPI: RSDP 0x000000023C150018 000024 (v02 BOCHS )
May 17 11:43:51 osmanubuntu kernel: [    0.000000] ACPI: XSDT 0x000000023C15FE98 00006C (v01 BOCHS  BXPC     00000001      01000013)
May 17 11:43:51 osmanubuntu kernel: [    0.000000] ACPI: FACP 0x000000023C15FA98 000114 (v06 BOCHS  BXPC     00000001 BXPC 00000001)
May 17 11:43:51 osmanubuntu kernel: [    0.000000] ACPI: DSDT 0x000000023C157518 0014A2 (v02 BOCHS  BXPC     00000001 BXPC 00000001)
May 17 11:43:51 osmanubuntu kernel: [    0.000000] ACPI: APIC 0x000000023C15FC18 00019C (v04 BOCHS  BXPC     00000001 BXPC 00000001)
May 17 11:43:51 osmanubuntu kernel: [    0.000000] ACPI: PPTT 0x000000023C15D898 000088 (v02 BOCHS  BXPC     00000001 BXPC 00000001)
May 17 11:43:51 osmanubuntu kernel: [    0.000000] ACPI: GTDT 0x000000023C15E818 000068 (v03 BOCHS  BXPC     00000001 BXPC 00000001)
May 17 11:43:51 osmanubuntu kernel: [    0.000000] ACPI: MCFG 0x000000023C15E918 00003C (v01 BOCHS  BXPC     00000001 BXPC 00000001)
May 17 11:43:51 osmanubuntu kernel: [    0.000000] ACPI: SPCR 0x000000023C15FF98 000050 (v02 BOCHS  BXPC     00000001 BXPC 00000001)
May 17 11:43:51 osmanubuntu kernel: [    0.000000] ACPI: DBG2 0x000000023C15E418 000057 (v00 BOCHS  BXPC     00000001 BXPC 00000001)
May 17 11:43:51 osmanubuntu kernel: [    0.000000] ACPI: IORT 0x000000023C15E718 000080 (v03 BOCHS  BXPC     00000001 BXPC 00000001)
May 17 11:43:51 osmanubuntu kernel: [    0.000000] ACPI: BGRT 0x000000023C15E498 000038 (v01 INTEL  EDK2     00000002      01000013)
May 17 11:43:51 osmanubuntu kernel: [    0.000000] ACPI: SPCR: console: pl011,mmio32,0x9000000,9600
May 17 11:43:51 osmanubuntu kernel: [    0.000000] NUMA: Failed to initialise from firmware
May 17 11:43:51 osmanubuntu kernel: [    0.000000] NUMA: Faking a node at [mem 0x0000000040000000-0x000000023fffffff]
May 17 11:43:51 osmanubuntu kernel: [    0.000000] NUMA: NODE_DATA [mem 0x23ee47f80-0x23ee4cfff]
May 17 11:43:51 osmanubuntu kernel: [    0.000000] Zone ranges:
May 17 11:43:51 osmanubuntu kernel: [    0.000000]   DMA      [mem 0x0000000040000000-0x00000000ffffffff]
May 17 11:43:51 osmanubuntu kernel: [    0.000000]   DMA32    empty
May 17 11:43:51 osmanubuntu kernel: [    0.000000]   Normal   [mem 0x0000000100000000-0x000000023fffffff]
May 17 11:43:51 osmanubuntu kernel: [    0.000000]   Device   empty
May 17 11:43:51 osmanubuntu kernel: [    0.000000] Movable zone start for each node
May 17 11:43:51 osmanubuntu kernel: [    0.000000] Early memory node ranges
May 17 11:43:51 osmanubuntu kernel: [    0.000000]   node   0: [mem 0x0000000040000000-0x000000023c05ffff]
May 17 11:43:51 osmanubuntu kernel: [    0.000000]   node   0: [mem 0x000000023c060000-0x000000023c06ffff]
May 17 11:43:51 osmanubuntu kernel: [    0.000000]   node   0: [mem 0x000000023c070000-0x000000023c15ffff]
May 17 11:43:51 osmanubuntu kernel: [    0.000000]   node   0: [mem 0x000000023c160000-0x000000023c47ffff]
May 17 11:43:51 osmanubuntu kernel: [    0.000000]   node   0: [mem 0x000000023c480000-0x000000023f75ffff]
May 17 11:43:51 osmanubuntu kernel: [    0.000000]   node   0: [mem 0x000000023f760000-0x000000023f7effff]
May 17 11:43:51 osmanubuntu kernel: [    0.000000]   node   0: [mem 0x000000023f7f0000-0x000000023f7fffff]
May 17 11:43:51 osmanubuntu kernel: [    0.000000]   node   0: [mem 0x000000023f800000-0x000000023f91ffff]
May 17 11:43:51 osmanubuntu kernel: [    0.000000]   node   0: [mem 0x000000023f920000-0x000000023fffffff]
May 17 11:43:51 osmanubuntu kernel: [    0.000000] Initmem setup node 0 [mem 0x0000000040000000-0x000000023fffffff]
May 17 11:43:51 osmanubuntu kernel: [    0.000000] cma: Reserved 32 MiB at 0x00000000fe000000
May 17 11:43:51 osmanubuntu kernel: [    0.000000] psci: probing for conduit method from ACPI.
May 17 11:43:51 osmanubuntu kernel: [    0.000000] psci: PSCIv1.1 detected in firmware.
May 17 11:43:51 osmanubuntu kernel: [    0.000000] psci: Using standard PSCI v0.2 function IDs
May 17 11:43:51 osmanubuntu kernel: [    0.000000] psci: Trusted OS migration not required
May 17 11:43:51 osmanubuntu kernel: [    0.000000] psci: SMC Calling Convention v1.0
May 17 11:43:51 osmanubuntu kernel: [    0.000000] ACPI: SRAT not present
May 17 11:43:51 osmanubuntu kernel: [    0.000000] percpu: Embedded 31 pages/cpu s88792 r8192 d29992 u126976
May 17 11:43:51 osmanubuntu kernel: [    0.000000] pcpu-alloc: s88792 r8192 d29992 u126976 alloc=31*4096
May 17 11:43:51 osmanubuntu kernel: [    0.000000] pcpu-alloc: [0] 0 [0] 1 [0] 2 [0] 3 
May 17 11:43:51 osmanubuntu kernel: [    0.000000] Detected PIPT I-cache on CPU0
May 17 11:43:51 osmanubuntu kernel: [    0.000000] CPU features: detected: Address authentication (IMP DEF algorithm)
May 17 11:43:51 osmanubuntu kernel: [    0.000000] CPU features: detected: Spectre-v4
May 17 11:43:51 osmanubuntu kernel: [    0.000000] CPU features: detected: Spectre-BHB
May 17 11:43:51 osmanubuntu kernel: [    0.000000] alternatives: patching kernel code
May 17 11:43:51 osmanubuntu kernel: [    0.000000] Built 1 zonelists, mobility grouping on.  Total pages: 2064384
May 17 11:43:51 osmanubuntu kernel: [    0.000000] Policy zone: Normal
May 17 11:43:51 osmanubuntu kernel: [    0.000000] Kernel command line: BOOT_IMAGE=/vmlinuz-5.15.0-177-generic root=/dev/mapper/ubuntu--vg-ubuntu--lv ro
May 17 11:43:51 osmanubuntu kernel: [    0.000000] Dentry cache hash table entries: 1048576 (order: 11, 8388608 bytes, linear)
May 17 11:43:51 osmanubuntu kernel: [    0.000000] Inode-cache hash table entries: 524288 (order: 10, 4194304 bytes, linear)
May 17 11:43:51 osmanubuntu kernel: [    0.000000] mem auto-init: stack:off, heap alloc:on, heap free:off
May 17 11:43:51 osmanubuntu kernel: [    0.000000] software IO TLB: mapped [mem 0x00000000fa000000-0x00000000fe000000] (64MB)
May 17 11:43:51 osmanubuntu kernel: [    0.000000] Memory: 7972804K/8388608K available (17536K kernel code, 4602K rwdata, 14112K rodata, 9664K init, 1193K bss, 383036K reserved, 32768K cma-reserved)
May 17 11:43:51 osmanubuntu kernel: [    0.000000] SLUB: HWalign=64, Order=0-3, MinObjects=0, CPUs=4, Nodes=1
May 17 11:43:51 osmanubuntu kernel: [    0.000000] ftrace: allocating 54681 entries in 214 pages
May 17 11:43:51 osmanubuntu kernel: [    0.000000] ftrace: allocated 214 pages with 5 groups
May 17 11:43:51 osmanubuntu kernel: [    0.000000] trace event string verifier disabled
May 17 11:43:51 osmanubuntu kernel: [    0.000000] rcu: Hierarchical RCU implementation.
May 17 11:43:51 osmanubuntu kernel: [    0.000000] rcu: 	RCU restricting CPUs from NR_CPUS=256 to nr_cpu_ids=4.
May 17 11:43:51 osmanubuntu kernel: [    0.000000] 	Rude variant of Tasks RCU enabled.
May 17 11:43:51 osmanubuntu kernel: [    0.000000] 	Tracing variant of Tasks RCU enabled.
May 17 11:43:51 osmanubuntu kernel: [    0.000000] rcu: RCU calculated value of scheduler-enlistment delay is 25 jiffies.
May 17 11:43:51 osmanubuntu kernel: [    0.000000] rcu: Adjusting geometry for rcu_fanout_leaf=16, nr_cpu_ids=4
May 17 11:43:51 osmanubuntu kernel: [    0.000000] NR_IRQS: 64, nr_irqs: 64, preallocated irqs: 0
May 17 11:43:51 osmanubuntu kernel: [    0.000000] Root IRQ handler: gic_handle_irq
May 17 11:43:51 osmanubuntu kernel: [    0.000000] GICv2m: ACPI overriding V2M MSI_TYPER (base:80, num:64)
May 17 11:43:51 osmanubuntu kernel: [    0.000000] GICv2m: range[mem 0x08020000-0x08020fff], SPI[80:143]
May 17 11:43:51 osmanubuntu kernel: [    0.000000] arch_timer: cp15 timer(s) running at 24.00MHz (virt).
May 17 11:43:51 osmanubuntu kernel: [    0.000000] clocksource: arch_sys_counter: mask: 0xffffffffffffff max_cycles: 0x588fe9dc0, max_idle_ns: 440795202592 ns
May 17 11:43:51 osmanubuntu kernel: [    0.000000] sched_clock: 56 bits at 24MHz, resolution 41ns, wraps every 4398046511097ns
May 17 11:43:51 osmanubuntu kernel: [    0.000024] Console: colour dummy device 80x25
May 17 11:43:51 osmanubuntu kernel: [    0.000032] ACPI: Core revision 20210730
May 17 11:43:51 osmanubuntu kernel: [    0.000047] Calibrating delay loop (skipped), value calculated using timer frequency.. 48.00 BogoMIPS (lpj=96000)
May 17 11:43:51 osmanubuntu kernel: [    0.000049] pid_max: default: 32768 minimum: 301
May 17 11:43:51 osmanubuntu kernel: [    0.000056] LSM: Security Framework initializing
May 17 11:43:51 osmanubuntu kernel: [    0.000059] landlock: Up and running.
May 17 11:43:51 osmanubuntu kernel: [    0.000060] Yama: becoming mindful.
May 17 11:43:51 osmanubuntu kernel: [    0.000067] AppArmor: AppArmor initialized
May 17 11:43:51 osmanubuntu kernel: [    0.000078] Mount-cache hash table entries: 16384 (order: 5, 131072 bytes, linear)
May 17 11:43:51 osmanubuntu kernel: [    0.000080] Mountpoint-cache hash table entries: 16384 (order: 5, 131072 bytes, linear)
May 17 11:43:51 osmanubuntu kernel: [    0.000247] rcu: Hierarchical SRCU implementation.
May 17 11:43:51 osmanubuntu kernel: [    0.000341] Remapping and enabling EFI services.
May 17 11:43:51 osmanubuntu kernel: [    0.000447] smp: Bringing up secondary CPUs ...
May 17 11:43:51 osmanubuntu kernel: [    0.000596] Detected PIPT I-cache on CPU1
May 17 11:43:51 osmanubuntu kernel: [    0.000708] CPU1: Booted secondary processor 0x0000000001 [0x610f0000]
May 17 11:43:51 osmanubuntu kernel: [    0.000943] Detected PIPT I-cache on CPU2
May 17 11:43:51 osmanubuntu kernel: [    0.001049] CPU2: Booted secondary processor 0x0000000002 [0x610f0000]
May 17 11:43:51 osmanubuntu kernel: [    0.001370] Detected PIPT I-cache on CPU3
May 17 11:43:51 osmanubuntu kernel: [    0.001492] CPU3: Booted secondary processor 0x0000000003 [0x610f0000]
May 17 11:43:51 osmanubuntu kernel: [    0.001553] smp: Brought up 1 node, 4 CPUs
May 17 11:43:51 osmanubuntu kernel: [    0.001555] SMP: Total of 4 processors activated.
May 17 11:43:51 osmanubuntu kernel: [    0.001555] CPU features: detected: Branch Target Identification
May 17 11:43:51 osmanubuntu kernel: [    0.001556] CPU features: detected: ARMv8.4 Translation Table Level
May 17 11:43:51 osmanubuntu kernel: [    0.001556] CPU features: detected: Data cache clean to the PoU not required for I/D coherence
May 17 11:43:51 osmanubuntu kernel: [    0.001557] CPU features: detected: Common not Private translations
May 17 11:43:51 osmanubuntu kernel: [    0.001557] CPU features: detected: CRC32 instructions
May 17 11:43:51 osmanubuntu kernel: [    0.001557] CPU features: detected: Data cache clean to Point of Deep Persistence
May 17 11:43:51 osmanubuntu kernel: [    0.001558] CPU features: detected: Data cache clean to Point of Persistence
May 17 11:43:51 osmanubuntu kernel: [    0.001558] CPU features: detected: E0PD
May 17 11:43:51 osmanubuntu kernel: [    0.001558] CPU features: detected: Enhanced Privileged Access Never
May 17 11:43:51 osmanubuntu kernel: [    0.001559] CPU features: detected: Generic authentication (IMP DEF algorithm)
May 17 11:43:51 osmanubuntu kernel: [    0.001559] CPU features: detected: RCpc load-acquire (LDAPR)
May 17 11:43:51 osmanubuntu kernel: [    0.001559] CPU features: detected: LSE atomic instructions
May 17 11:43:51 osmanubuntu kernel: [    0.001559] CPU features: detected: Privileged Access Never
May 17 11:43:51 osmanubuntu kernel: [    0.001560] CPU features: detected: RAS Extension Support
May 17 11:43:51 osmanubuntu kernel: [    0.001560] CPU features: detected: Speculation barrier (SB)
May 17 11:43:51 osmanubuntu kernel: [    0.001560] CPU features: detected: TLB range maintenance instructions
May 17 11:43:51 osmanubuntu kernel: [    0.017093] CPU: All CPU(s) started at EL1
May 17 11:43:51 osmanubuntu kernel: [    0.017723] devtmpfs: initialized
May 17 11:43:51 osmanubuntu kernel: [    0.018070] setend instruction emulation is not supported on this system
May 17 11:43:51 osmanubuntu kernel: [    0.018101] KASLR enabled
May 17 11:43:51 osmanubuntu kernel: [    0.018118] clocksource: jiffies: mask: 0xffffffff max_cycles: 0xffffffff, max_idle_ns: 7645041785100000 ns
May 17 11:43:51 osmanubuntu kernel: [    0.018120] futex hash table entries: 1024 (order: 4, 65536 bytes, linear)
May 17 11:43:51 osmanubuntu kernel: [    0.018180] pinctrl core: initialized pinctrl subsystem
May 17 11:43:51 osmanubuntu kernel: [    0.018231] SMBIOS 3.0.0 present.
May 17 11:43:51 osmanubuntu kernel: [    0.018232] DMI: QEMU QEMU Virtual Machine, BIOS 0.0.0 02/06/2015
May 17 11:43:51 osmanubuntu kernel: [    0.018351] NET: Registered PF_NETLINK/PF_ROUTE protocol family
May 17 11:43:51 osmanubuntu kernel: [    0.022118] DMA: preallocated 1024 KiB GFP_KERNEL pool for atomic allocations
May 17 11:43:51 osmanubuntu kernel: [    0.022291] DMA: preallocated 1024 KiB GFP_KERNEL|GFP_DMA pool for atomic allocations
May 17 11:43:51 osmanubuntu kernel: [    0.022501] DMA: preallocated 1024 KiB GFP_KERNEL|GFP_DMA32 pool for atomic allocations
May 17 11:43:51 osmanubuntu kernel: [    0.022507] audit: initializing netlink subsys (disabled)
May 17 11:43:51 osmanubuntu kernel: [    0.022737] audit: type=2000 audit(0.020:1): state=initialized audit_enabled=0 res=1
May 17 11:43:51 osmanubuntu kernel: [    0.022791] thermal_sys: Registered thermal governor 'fair_share'
May 17 11:43:51 osmanubuntu kernel: [    0.022792] thermal_sys: Registered thermal governor 'bang_bang'
May 17 11:43:51 osmanubuntu kernel: [    0.022792] thermal_sys: Registered thermal governor 'step_wise'
May 17 11:43:51 osmanubuntu kernel: [    0.022792] thermal_sys: Registered thermal governor 'user_space'
May 17 11:43:51 osmanubuntu kernel: [    0.022793] thermal_sys: Registered thermal governor 'power_allocator'
May 17 11:43:51 osmanubuntu kernel: [    0.022796] cpuidle: using governor ladder
May 17 11:43:51 osmanubuntu kernel: [    0.022798] cpuidle: using governor menu
May 17 11:43:51 osmanubuntu kernel: [    0.022806] hw-breakpoint: found 6 breakpoint and 4 watchpoint registers.
May 17 11:43:51 osmanubuntu kernel: [    0.023074] ASID allocator initialised with 65536 entries
May 17 11:43:51 osmanubuntu kernel: [    0.023120] ACPI: bus type PCI registered
May 17 11:43:51 osmanubuntu kernel: [    0.023121] acpiphp: ACPI Hot Plug PCI Controller Driver version: 0.5
May 17 11:43:51 osmanubuntu kernel: [    0.023140] Serial: AMBA PL011 UART driver
May 17 11:43:51 osmanubuntu kernel: [    0.024044] HugeTLB registered 1.00 GiB page size, pre-allocated 0 pages
May 17 11:43:51 osmanubuntu kernel: [    0.024045] HugeTLB registered 32.0 MiB page size, pre-allocated 0 pages
May 17 11:43:51 osmanubuntu kernel: [    0.024045] HugeTLB registered 2.00 MiB page size, pre-allocated 0 pages
May 17 11:43:51 osmanubuntu kernel: [    0.024046] HugeTLB registered 64.0 KiB page size, pre-allocated 0 pages
May 17 11:43:51 osmanubuntu kernel: [    0.035304] ACPI: Added _OSI(Module Device)
May 17 11:43:51 osmanubuntu kernel: [    0.035304] ACPI: Added _OSI(Processor Device)
May 17 11:43:51 osmanubuntu kernel: [    0.035305] ACPI: Added _OSI(Processor Aggregator Device)
May 17 11:43:51 osmanubuntu kernel: [    0.035305] ACPI: Added _OSI(Linux-Dell-Video)
May 17 11:43:51 osmanubuntu kernel: [    0.035306] ACPI: Added _OSI(Linux-Lenovo-NV-HDMI-Audio)
May 17 11:43:51 osmanubuntu kernel: [    0.035306] ACPI: Added _OSI(Linux-HPI-Hybrid-Graphics)
May 17 11:43:51 osmanubuntu kernel: [    0.035497] ACPI: 1 ACPI AML tables successfully acquired and loaded
May 17 11:43:51 osmanubuntu kernel: [    0.035633] ACPI: Interpreter enabled
May 17 11:43:51 osmanubuntu kernel: [    0.035634] ACPI: Using GIC for interrupt routing
May 17 11:43:51 osmanubuntu kernel: [    0.035637] ACPI: MCFG table detected, 1 entries
May 17 11:43:51 osmanubuntu kernel: [    0.036140] ARMH0011:00: ttyAMA0 at MMIO 0x9000000 (irq = 12, base_baud = 0) is a SBSA
May 17 11:43:51 osmanubuntu kernel: [    0.190358] printk: console [ttyAMA0] enabled
May 17 11:43:51 osmanubuntu kernel: [    0.191532] ACPI: PCI: Interrupt link L000 configured for IRQ 35
May 17 11:43:51 osmanubuntu kernel: [    0.192202] ACPI: PCI: Interrupt link L001 configured for IRQ 36
May 17 11:43:51 osmanubuntu kernel: [    0.192906] ACPI: PCI: Interrupt link L002 configured for IRQ 37
May 17 11:43:51 osmanubuntu kernel: [    0.193964] ACPI: PCI: Interrupt link L003 configured for IRQ 38
May 17 11:43:51 osmanubuntu kernel: [    0.195457] ACPI: PCI Root Bridge [PCI0] (domain 0000 [bus 00-ff])
May 17 11:43:51 osmanubuntu kernel: [    0.196271] acpi PNP0A08:00: _OSC: OS supports [ExtendedConfig ASPM ClockPM Segments MSI EDR HPX-Type3]
May 17 11:43:51 osmanubuntu kernel: [    0.197524] acpi PNP0A08:00: _OSC: platform does not support [LTR DPC]
May 17 11:43:51 osmanubuntu kernel: [    0.198501] acpi PNP0A08:00: _OSC: OS now controls [PCIeHotplug SHPCHotplug PME AER PCIeCapability]
May 17 11:43:51 osmanubuntu kernel: [    0.199930] acpi PNP0A08:00: ECAM area [mem 0x4010000000-0x401fffffff] reserved by PNP0C02:00
May 17 11:43:51 osmanubuntu kernel: [    0.201122] acpi PNP0A08:00: ECAM at [mem 0x4010000000-0x401fffffff] for [bus 00-ff]
May 17 11:43:51 osmanubuntu kernel: [    0.202113] ACPI: Remapped I/O 0x000000003eff0000 to [io  0x0000-0xffff window]
May 17 11:43:51 osmanubuntu kernel: [    0.203116] PCI host bridge to bus 0000:00
May 17 11:43:51 osmanubuntu kernel: [    0.203844] pci_bus 0000:00: root bus resource [mem 0x10000000-0x3efeffff window]
May 17 11:43:51 osmanubuntu kernel: [    0.204922] pci_bus 0000:00: root bus resource [io  0x0000-0xffff window]
May 17 11:43:51 osmanubuntu kernel: [    0.205795] pci_bus 0000:00: root bus resource [mem 0x8000000000-0xffffffffff window]
May 17 11:43:51 osmanubuntu kernel: [    0.207104] pci_bus 0000:00: root bus resource [bus 00-ff]
May 17 11:43:51 osmanubuntu kernel: [    0.208253] pci 0000:00:00.0: [1b36:0008] type 00 class 0x060000
May 17 11:43:51 osmanubuntu kernel: [    0.209779] pci 0000:00:01.0: [1af4:1000] type 00 class 0x020000
May 17 11:43:51 osmanubuntu kernel: [    0.211070] pci 0000:00:01.0: reg 0x10: [io  0x00e0-0x00ff]
May 17 11:43:51 osmanubuntu kernel: [    0.211895] pci 0000:00:01.0: reg 0x14: [mem 0x10048000-0x10048fff]
May 17 11:43:51 osmanubuntu kernel: [    0.213039] pci 0000:00:01.0: reg 0x20: [mem 0x8000000000-0x8000003fff 64bit pref]
May 17 11:43:51 osmanubuntu kernel: [    0.214586] pci 0000:00:01.0: reg 0x30: [mem 0xfffc0000-0xffffffff pref]
May 17 11:43:51 osmanubuntu kernel: [    0.216232] pci 0000:00:02.0: [1af4:1050] type 00 class 0x038000
May 17 11:43:51 osmanubuntu kernel: [    0.217521] pci 0000:00:02.0: reg 0x14: [mem 0x10047000-0x10047fff]
May 17 11:43:51 osmanubuntu kernel: [    0.218545] pci 0000:00:02.0: reg 0x20: [mem 0x8000004000-0x8000007fff 64bit pref]
May 17 11:43:51 osmanubuntu kernel: [    0.220932] pci 0000:00:03.0: [8086:2668] type 00 class 0x040300
May 17 11:43:51 osmanubuntu kernel: [    0.222493] pci 0000:00:03.0: reg 0x10: [mem 0x10040000-0x10043fff]
May 17 11:43:51 osmanubuntu kernel: [    0.223726] pci 0000:00:04.0: [1033:0194] type 00 class 0x0c0330
May 17 11:43:51 osmanubuntu kernel: [    0.224754] pci 0000:00:04.0: reg 0x10: [mem 0x8000018000-0x800001bfff 64bit]
May 17 11:43:51 osmanubuntu kernel: [    0.225931] pci 0000:00:04.0: enabling Extended Tags
May 17 11:43:51 osmanubuntu kernel: [    0.227015] pci 0000:00:05.0: [1b36:000d] type 00 class 0x0c0330
May 17 11:43:51 osmanubuntu kernel: [    0.228330] pci 0000:00:05.0: reg 0x10: [mem 0x8000014000-0x8000017fff 64bit]
May 17 11:43:51 osmanubuntu kernel: [    0.229630] pci 0000:00:05.0: enabling Extended Tags
May 17 11:43:51 osmanubuntu kernel: [    0.230960] pci 0000:00:06.0: [1af4:1001] type 00 class 0x010000
May 17 11:43:51 osmanubuntu kernel: [    0.232093] pci 0000:00:06.0: reg 0x10: [io  0x0000-0x007f]
May 17 11:43:51 osmanubuntu kernel: [    0.232949] pci 0000:00:06.0: reg 0x14: [mem 0x10046000-0x10046fff]
May 17 11:43:51 osmanubuntu kernel: [    0.233711] pci 0000:00:06.0: reg 0x20: [mem 0x8000008000-0x800000bfff 64bit pref]
May 17 11:43:51 osmanubuntu kernel: [    0.235371] pci 0000:00:07.0: [1af4:1003] type 00 class 0x078000
May 17 11:43:51 osmanubuntu kernel: [    0.236379] pci 0000:00:07.0: reg 0x10: [io  0x0080-0x00bf]
May 17 11:43:51 osmanubuntu kernel: [    0.237243] pci 0000:00:07.0: reg 0x14: [mem 0x10045000-0x10045fff]
May 17 11:43:51 osmanubuntu kernel: [    0.238230] pci 0000:00:07.0: reg 0x20: [mem 0x800000c000-0x800000ffff 64bit pref]
May 17 11:43:51 osmanubuntu kernel: [    0.239657] pci 0000:00:08.0: [1af4:1005] type 00 class 0x00ff00
May 17 11:43:51 osmanubuntu kernel: [    0.240888] pci 0000:00:08.0: reg 0x10: [io  0x00c0-0x00df]
May 17 11:43:51 osmanubuntu kernel: [    0.241786] pci 0000:00:08.0: reg 0x14: [mem 0x10044000-0x10044fff]
May 17 11:43:51 osmanubuntu kernel: [    0.242997] pci 0000:00:08.0: reg 0x20: [mem 0x8000010000-0x8000013fff 64bit pref]
May 17 11:43:51 osmanubuntu kernel: [    0.245361] pci 0000:00:01.0: BAR 6: assigned [mem 0x10000000-0x1003ffff pref]
May 17 11:43:51 osmanubuntu kernel: [    0.246877] pci 0000:00:01.0: BAR 4: assigned [mem 0x8000000000-0x8000003fff 64bit pref]
May 17 11:43:51 osmanubuntu kernel: [    0.248168] pci 0000:00:02.0: BAR 4: assigned [mem 0x8000004000-0x8000007fff 64bit pref]
May 17 11:43:51 osmanubuntu kernel: [    0.249131] pci 0000:00:03.0: BAR 0: assigned [mem 0x10040000-0x10043fff]
May 17 11:43:51 osmanubuntu kernel: [    0.250374] pci 0000:00:04.0: BAR 0: assigned [mem 0x8000008000-0x800000bfff 64bit]
May 17 11:43:51 osmanubuntu kernel: [    0.251751] pci 0000:00:05.0: BAR 0: assigned [mem 0x800000c000-0x800000ffff 64bit]
May 17 11:43:51 osmanubuntu kernel: [    0.252871] pci 0000:00:06.0: BAR 4: assigned [mem 0x8000010000-0x8000013fff 64bit pref]
May 17 11:43:51 osmanubuntu kernel: [    0.254064] pci 0000:00:07.0: BAR 4: assigned [mem 0x8000014000-0x8000017fff 64bit pref]
May 17 11:43:51 osmanubuntu kernel: [    0.255411] pci 0000:00:08.0: BAR 4: assigned [mem 0x8000018000-0x800001bfff 64bit pref]
May 17 11:43:51 osmanubuntu kernel: [    0.256420] pci 0000:00:01.0: BAR 1: assigned [mem 0x10044000-0x10044fff]
May 17 11:43:51 osmanubuntu kernel: [    0.257375] pci 0000:00:02.0: BAR 1: assigned [mem 0x10045000-0x10045fff]
May 17 11:43:51 osmanubuntu kernel: [    0.258582] pci 0000:00:06.0: BAR 1: assigned [mem 0x10046000-0x10046fff]
May 17 11:43:51 osmanubuntu kernel: [    0.259743] pci 0000:00:07.0: BAR 1: assigned [mem 0x10047000-0x10047fff]
May 17 11:43:51 osmanubuntu kernel: [    0.260546] pci 0000:00:08.0: BAR 1: assigned [mem 0x10048000-0x10048fff]
May 17 11:43:51 osmanubuntu kernel: [    0.261214] pci 0000:00:06.0: BAR 0: assigned [io  0x1000-0x107f]
May 17 11:43:51 osmanubuntu kernel: [    0.262030] pci 0000:00:07.0: BAR 0: assigned [io  0x1080-0x10bf]
May 17 11:43:51 osmanubuntu kernel: [    0.263594] pci 0000:00:01.0: BAR 0: assigned [io  0x10c0-0x10df]
May 17 11:43:51 osmanubuntu kernel: [    0.264806] pci 0000:00:08.0: BAR 0: assigned [io  0x10e0-0x10ff]
May 17 11:43:51 osmanubuntu kernel: [    0.265994] pci_bus 0000:00: resource 4 [mem 0x10000000-0x3efeffff window]
May 17 11:43:51 osmanubuntu kernel: [    0.267029] pci_bus 0000:00: resource 5 [io  0x0000-0xffff window]
May 17 11:43:51 osmanubuntu kernel: [    0.268378] pci_bus 0000:00: resource 6 [mem 0x8000000000-0xffffffffff window]
May 17 11:43:51 osmanubuntu kernel: [    0.269724] iommu: Default domain type: Translated 
May 17 11:43:51 osmanubuntu kernel: [    0.270366] iommu: DMA domain TLB invalidation policy: strict mode 
May 17 11:43:51 osmanubuntu kernel: [    0.271281] SCSI subsystem initialized
May 17 11:43:51 osmanubuntu kernel: [    0.271860] libata version 3.00 loaded.
May 17 11:43:51 osmanubuntu kernel: [    0.272016] vgaarb: loaded
May 17 11:43:51 osmanubuntu kernel: [    0.272573] ACPI: bus type USB registered
May 17 11:43:51 osmanubuntu kernel: [    0.273303] usbcore: registered new interface driver usbfs
May 17 11:43:51 osmanubuntu kernel: [    0.274260] usbcore: registered new interface driver hub
May 17 11:43:51 osmanubuntu kernel: [    0.275131] usbcore: registered new device driver usb
May 17 11:43:51 osmanubuntu kernel: [    0.275885] pps_core: LinuxPPS API ver. 1 registered
May 17 11:43:51 osmanubuntu kernel: [    0.277088] pps_core: Software ver. 5.3.6 - Copyright 2005-2007 Rodolfo Giometti <giometti@linux.it>
May 17 11:43:51 osmanubuntu kernel: [    0.278808] PTP clock support registered
May 17 11:43:51 osmanubuntu kernel: [    0.279677] EDAC MC: Ver: 3.0.0
May 17 11:43:51 osmanubuntu kernel: [    0.280410] Registered efivars operations
May 17 11:43:51 osmanubuntu kernel: [    0.281481] NetLabel: Initializing
May 17 11:43:51 osmanubuntu kernel: [    0.282223] NetLabel:  domain hash size = 128
May 17 11:43:51 osmanubuntu kernel: [    0.282777] NetLabel:  protocols = UNLABELED CIPSOv4 CALIPSO
May 17 11:43:51 osmanubuntu kernel: [    0.283386] NetLabel:  unlabeled traffic allowed by default
May 17 11:43:51 osmanubuntu kernel: [    0.284474] clocksource: Switched to clocksource arch_sys_counter
May 17 11:43:51 osmanubuntu kernel: [    0.289191] VFS: Disk quotas dquot_6.6.0
May 17 11:43:51 osmanubuntu kernel: [    0.289845] VFS: Dquot-cache hash table entries: 512 (order 0, 4096 bytes)
May 17 11:43:51 osmanubuntu kernel: [    0.290957] AppArmor: AppArmor Filesystem Enabled
May 17 11:43:51 osmanubuntu kernel: [    0.291625] pnp: PnP ACPI init
May 17 11:43:51 osmanubuntu kernel: [    0.292094] system 00:00: [mem 0x4010000000-0x401fffffff window] could not be reserved
May 17 11:43:51 osmanubuntu kernel: [    0.292963] pnp: PnP ACPI: found 1 devices
May 17 11:43:51 osmanubuntu kernel: [    0.299417] NET: Registered PF_INET protocol family
May 17 11:43:51 osmanubuntu kernel: [    0.300035] IP idents hash table entries: 131072 (order: 8, 1048576 bytes, linear)
May 17 11:43:51 osmanubuntu kernel: [    0.301724] tcp_listen_portaddr_hash hash table entries: 4096 (order: 4, 65536 bytes, linear)
May 17 11:43:51 osmanubuntu kernel: [    0.302897] Table-perturb hash table entries: 65536 (order: 6, 262144 bytes, linear)
May 17 11:43:51 osmanubuntu kernel: [    0.304066] TCP established hash table entries: 65536 (order: 7, 524288 bytes, linear)
May 17 11:43:51 osmanubuntu kernel: [    0.305367] TCP bind hash table entries: 65536 (order: 8, 1048576 bytes, linear)
May 17 11:43:51 osmanubuntu kernel: [    0.306433] TCP: Hash tables configured (established 65536 bind 65536)
May 17 11:43:51 osmanubuntu kernel: [    0.307364] MPTCP token hash table entries: 8192 (order: 6, 196608 bytes, linear)
May 17 11:43:51 osmanubuntu kernel: [    0.308722] UDP hash table entries: 4096 (order: 5, 131072 bytes, linear)
May 17 11:43:51 osmanubuntu kernel: [    0.309388] UDP-Lite hash table entries: 4096 (order: 5, 131072 bytes, linear)
May 17 11:43:51 osmanubuntu kernel: [    0.310228] NET: Registered PF_UNIX/PF_LOCAL protocol family
May 17 11:43:51 osmanubuntu kernel: [    0.310859] NET: Registered PF_XDP protocol family
May 17 11:43:51 osmanubuntu kernel: [    0.311361] pci 0000:00:04.0: enabling device (0000 -> 0002)
May 17 11:43:51 osmanubuntu kernel: [    0.312272] pci 0000:00:05.0: enabling device (0000 -> 0002)
May 17 11:43:51 osmanubuntu kernel: [    0.313135] PCI: CLS 0 bytes, default 64
May 17 11:43:51 osmanubuntu kernel: [    0.313846] Trying to unpack rootfs image as initramfs...
May 17 11:43:51 osmanubuntu kernel: [    0.320774] kvm [1]: HYP mode not available
May 17 11:43:51 osmanubuntu kernel: [    0.321305] Initialise system trusted keyrings
May 17 11:43:51 osmanubuntu kernel: [    0.321806] Key type blacklist registered
May 17 11:43:51 osmanubuntu kernel: [    0.322360] workingset: timestamp_bits=40 max_order=21 bucket_order=0
May 17 11:43:51 osmanubuntu kernel: [    0.323537] zbud: loaded
May 17 11:43:51 osmanubuntu kernel: [    0.324111] squashfs: version 4.0 (2009/01/31) Phillip Lougher
May 17 11:43:51 osmanubuntu kernel: [    0.325255] fuse: init (API version 7.34)
May 17 11:43:51 osmanubuntu kernel: [    0.325973] integrity: Platform Keyring initialized
May 17 11:43:51 osmanubuntu kernel: [    0.331381] Key type asymmetric registered
May 17 11:43:51 osmanubuntu kernel: [    0.331835] Asymmetric key parser 'x509' registered
May 17 11:43:51 osmanubuntu kernel: [    0.332555] Block layer SCSI generic (bsg) driver version 0.4 loaded (major 242)
May 17 11:43:51 osmanubuntu kernel: [    0.333579] io scheduler mq-deadline registered
May 17 11:43:51 osmanubuntu kernel: [    0.334272] shpchp: Standard Hot Plug PCI Controller Driver version: 0.4
May 17 11:43:51 osmanubuntu kernel: [    0.335575] input: Power Button as /devices/LNXSYSTM:00/LNXSYBUS:00/PNP0C0C:00/input/input0
May 17 11:43:51 osmanubuntu kernel: [    0.336330] ACPI: button: Power Button [PWRB]
May 17 11:43:51 osmanubuntu kernel: [    0.338199] ACPI: \_SB_.L001: Enabled at IRQ 36
May 17 11:43:51 osmanubuntu kernel: [    0.338839] virtio-pci 0000:00:01.0: enabling device (0000 -> 0003)
May 17 11:43:51 osmanubuntu kernel: [    0.340451] ACPI: \_SB_.L002: Enabled at IRQ 37
May 17 11:43:51 osmanubuntu kernel: [    0.344425] virtio-pci 0000:00:06.0: enabling device (0005 -> 0007)
May 17 11:43:51 osmanubuntu kernel: [    0.346110] ACPI: \_SB_.L003: Enabled at IRQ 38
May 17 11:43:51 osmanubuntu kernel: [    0.346608] virtio-pci 0000:00:07.0: enabling device (0000 -> 0003)
May 17 11:43:51 osmanubuntu kernel: [    0.348169] ACPI: \_SB_.L000: Enabled at IRQ 35
May 17 11:43:51 osmanubuntu kernel: [    0.348705] virtio-pci 0000:00:08.0: enabling device (0005 -> 0007)
May 17 11:43:51 osmanubuntu kernel: [    0.350248] Serial: 8250/16550 driver, 32 ports, IRQ sharing enabled
May 17 11:43:51 osmanubuntu kernel: [    0.354341] SuperH (H)SCI(F) driver initialized
May 17 11:43:51 osmanubuntu kernel: [    0.355068] msm_serial: driver initialized
May 17 11:43:51 osmanubuntu kernel: [    0.366236] loop: module loaded
May 17 11:43:51 osmanubuntu kernel: [    0.366498] SPI driver altr_a10sr has no spi_device_id for altr,a10sr
May 17 11:43:51 osmanubuntu kernel: [    0.367149] tun: Universal TUN/TAP device driver, 1.6
May 17 11:43:51 osmanubuntu kernel: [    0.368169] PPP generic driver version 2.4.2
May 17 11:43:51 osmanubuntu kernel: [    0.368893] ehci_hcd: USB 2.0 'Enhanced' Host Controller (EHCI) Driver
May 17 11:43:51 osmanubuntu kernel: [    0.369201] ehci-pci: EHCI PCI platform driver
May 17 11:43:51 osmanubuntu kernel: [    0.369463] ehci-orion: EHCI orion driver
May 17 11:43:51 osmanubuntu kernel: [    0.369684] ohci_hcd: USB 1.1 'Open' Host Controller (OHCI) Driver
May 17 11:43:51 osmanubuntu kernel: [    0.369983] ohci-pci: OHCI PCI platform driver
May 17 11:43:51 osmanubuntu kernel: [    0.370191] uhci_hcd: USB Universal Host Controller Interface driver
May 17 11:43:51 osmanubuntu kernel: [    0.370634] mousedev: PS/2 mouse device common for all mice
May 17 11:43:51 osmanubuntu kernel: [    0.371987] rtc-efi rtc-efi.0: registered as rtc0
May 17 11:43:51 osmanubuntu kernel: [    0.372774] rtc-efi rtc-efi.0: setting system clock to 2026-05-17T11:43:47 UTC (1779018227)
May 17 11:43:51 osmanubuntu kernel: [    0.373202] i2c_dev: i2c /dev entries driver
May 17 11:43:51 osmanubuntu kernel: [    0.373518] device-mapper: core: CONFIG_IMA_DISABLE_HTABLE is disabled. Duplicate IMA measurements will not be recorded in the IMA log.
May 17 11:43:51 osmanubuntu kernel: [    0.374119] device-mapper: uevent: version 1.0.3
May 17 11:43:51 osmanubuntu kernel: [    0.374395] device-mapper: ioctl: 4.45.0-ioctl (2021-03-22) initialised: dm-devel@redhat.com
May 17 11:43:51 osmanubuntu kernel: [    0.375149] ledtrig-cpu: registered to indicate activity on CPUs
May 17 11:43:51 osmanubuntu kernel: [    0.376608] drop_monitor: Initializing network drop monitor service
May 17 11:43:51 osmanubuntu kernel: [    0.377037] NET: Registered PF_INET6 protocol family
May 17 11:43:51 osmanubuntu kernel: [    0.621541] Freeing initrd memory: 103884K
May 17 11:43:51 osmanubuntu kernel: [    0.625914] Segment Routing with IPv6
May 17 11:43:51 osmanubuntu kernel: [    0.626096] In-situ OAM (IOAM) with IPv6
May 17 11:43:51 osmanubuntu kernel: [    0.626299] NET: Registered PF_PACKET protocol family
May 17 11:43:51 osmanubuntu kernel: [    0.626741] Key type dns_resolver registered
May 17 11:43:51 osmanubuntu kernel: [    0.627376] registered taskstats version 1
May 17 11:43:51 osmanubuntu kernel: [    0.629343] Loading compiled-in X.509 certificates
May 17 11:43:51 osmanubuntu kernel: [    0.630097] Loaded X.509 cert 'Build time autogenerated kernel key: 773a9bf0a81237d0edffcf713fc3e374ab7364e6'
May 17 11:43:51 osmanubuntu kernel: [    0.630830] Loaded X.509 cert 'Canonical Ltd. Live Patch Signing 2025 Kmod: d541cef61dc7e793b7eb7e899970a2eef0b5dc8c'
May 17 11:43:51 osmanubuntu kernel: [    0.631607] Loaded X.509 cert 'Canonical Ltd. Live Patch Signing: 14df34d1a87cf37625abec039ef2bf521249b969'
May 17 11:43:51 osmanubuntu kernel: [    0.632214] Loaded X.509 cert 'Canonical Ltd. Kernel Module Signing: 88f752e560a1e0737e31163a466ad7b70a850c19'
May 17 11:43:51 osmanubuntu kernel: [    0.632845] blacklist: Loading compiled-in revocation X.509 certificates
May 17 11:43:51 osmanubuntu kernel: [    0.633239] Loaded X.509 cert 'Canonical Ltd. Secure Boot Signing: 61482aa2830d0ab2ad5af10b7250da9033ddcef0'
May 17 11:43:51 osmanubuntu kernel: [    0.633838] Loaded X.509 cert 'Canonical Ltd. Secure Boot Signing (2017): 242ade75ac4a15e50d50c84b0d45ff3eae707a03'
May 17 11:43:51 osmanubuntu kernel: [    0.634456] Loaded X.509 cert 'Canonical Ltd. Secure Boot Signing (ESM 2018): 365188c1d374d6b07c3c8f240f8ef722433d6a8b'
May 17 11:43:51 osmanubuntu kernel: [    0.635231] Loaded X.509 cert 'Canonical Ltd. Secure Boot Signing (2019): c0746fd6c5da3ae827864651ad66ae47fe24b3e8'
May 17 11:43:51 osmanubuntu kernel: [    0.635841] Loaded X.509 cert 'Canonical Ltd. Secure Boot Signing (2021 v1): a8d54bbb3825cfb94fa13c9f8a594a195c107b8d'
May 17 11:43:51 osmanubuntu kernel: [    0.636390] Loaded X.509 cert 'Canonical Ltd. Secure Boot Signing (2021 v2): 4cf046892d6fd3c9a5b03f98d845f90851dc6a8c'
May 17 11:43:51 osmanubuntu kernel: [    0.638156] Loaded X.509 cert 'Canonical Ltd. Secure Boot Signing (2021 v3): 100437bb6de6e469b581e61cd66bce3ef4ed53af'
May 17 11:43:51 osmanubuntu kernel: [    0.638716] Loaded X.509 cert 'Canonical Ltd. Secure Boot Signing (Ubuntu Core 2019): c1d57b8f6b743f23ee41f4f7ee292f06eecadfb9'
May 17 11:43:51 osmanubuntu kernel: [    0.639629] zswap: loaded using pool lzo/zbud
May 17 11:43:51 osmanubuntu kernel: [    0.641319] Key type .fscrypt registered
May 17 11:43:51 osmanubuntu kernel: [    0.641663] Key type fscrypt-provisioning registered
May 17 11:43:51 osmanubuntu kernel: [    0.650869] cryptd: max_cpu_qlen set to 1000
May 17 11:43:51 osmanubuntu kernel: [    0.663268] Key type encrypted registered
May 17 11:43:51 osmanubuntu kernel: [    0.663810] AppArmor: AppArmor sha1 policy hashing enabled
May 17 11:43:51 osmanubuntu kernel: [    0.664953] integrity: Loading X.509 certificate: UEFI:MokListRT (MOKvar table)
May 17 11:43:51 osmanubuntu kernel: [    0.665673] integrity: Loaded X.509 cert 'Canonical Ltd. Master Certificate Authority: ad91990bc22ab1f517048c23b6655a268e345a63'
May 17 11:43:51 osmanubuntu kernel: [    0.666237] ima: No TPM chip found, activating TPM-bypass!
May 17 11:43:51 osmanubuntu kernel: [    0.666492] Loading compiled-in module X.509 certificates
May 17 11:43:51 osmanubuntu kernel: [    0.666920] Loaded X.509 cert 'Build time autogenerated kernel key: 773a9bf0a81237d0edffcf713fc3e374ab7364e6'
May 17 11:43:51 osmanubuntu kernel: [    0.667397] ima: Allocated hash algorithm: sha1
May 17 11:43:51 osmanubuntu kernel: [    0.667606] ima: No architecture policies found
May 17 11:43:51 osmanubuntu kernel: [    0.667850] evm: Initialising EVM extended attributes:
May 17 11:43:51 osmanubuntu kernel: [    0.668133] evm: security.selinux
May 17 11:43:51 osmanubuntu kernel: [    0.668368] evm: security.SMACK64
May 17 11:43:51 osmanubuntu kernel: [    0.668596] evm: security.SMACK64EXEC
May 17 11:43:51 osmanubuntu kernel: [    0.668811] evm: security.SMACK64TRANSMUTE
May 17 11:43:51 osmanubuntu kernel: [    0.668998] evm: security.SMACK64MMAP
May 17 11:43:51 osmanubuntu kernel: [    0.669261] evm: security.apparmor
May 17 11:43:51 osmanubuntu kernel: [    0.669426] evm: security.ima
May 17 11:43:51 osmanubuntu kernel: [    0.669613] evm: security.capability
May 17 11:43:51 osmanubuntu kernel: [    0.669890] evm: HMAC attrs: 0x1
May 17 11:43:51 osmanubuntu kernel: [    0.670472] clk: Disabling unused clocks
May 17 11:43:51 osmanubuntu kernel: [    0.671411] Freeing unused kernel memory: 9664K
May 17 11:43:51 osmanubuntu kernel: [    0.677444] Checked W+X mappings: passed, no W+X pages found
May 17 11:43:51 osmanubuntu kernel: [    0.677730] Run /init as init process
May 17 11:43:51 osmanubuntu kernel: [    0.677887]   with arguments:
May 17 11:43:51 osmanubuntu kernel: [    0.677888]     /init
May 17 11:43:51 osmanubuntu kernel: [    0.677889]   with environment:
May 17 11:43:51 osmanubuntu kernel: [    0.677889]     HOME=/
May 17 11:43:51 osmanubuntu kernel: [    0.677889]     TERM=linux
May 17 11:43:51 osmanubuntu kernel: [    0.732335] xhci_hcd 0000:00:04.0: xHCI Host Controller
May 17 11:43:51 osmanubuntu kernel: [    0.733500] xhci_hcd 0000:00:04.0: new USB bus registered, assigned bus number 1
May 17 11:43:51 osmanubuntu kernel: [    0.735265] xhci_hcd 0000:00:04.0: hcc params 0x00087001 hci version 0x100 quirks 0x0000000000000014
May 17 11:43:51 osmanubuntu kernel: [    0.736665] virtio_blk virtio2: [vda] 83886080 512-byte logical blocks (42.9 GB/40.0 GiB)
May 17 11:43:51 osmanubuntu kernel: [    0.747403]  vda: vda1 vda2 vda3
May 17 11:43:51 osmanubuntu kernel: [    0.747738] xhci_hcd 0000:00:04.0: xHCI Host Controller
May 17 11:43:51 osmanubuntu kernel: [    0.747857] xhci_hcd 0000:00:04.0: new USB bus registered, assigned bus number 2
May 17 11:43:51 osmanubuntu kernel: [    0.748040] xhci_hcd 0000:00:04.0: Host supports USB 3.0 SuperSpeed
May 17 11:43:51 osmanubuntu kernel: [    0.748893] usb usb1: New USB device found, idVendor=1d6b, idProduct=0002, bcdDevice= 5.15
May 17 11:43:51 osmanubuntu kernel: [    0.749210] usb usb1: New USB device strings: Mfr=3, Product=2, SerialNumber=1
May 17 11:43:51 osmanubuntu kernel: [    0.749455] usb usb1: Product: xHCI Host Controller
May 17 11:43:51 osmanubuntu kernel: [    0.749657] usb usb1: Manufacturer: Linux 5.15.0-177-generic xhci-hcd
May 17 11:43:51 osmanubuntu kernel: [    0.749853] usb usb1: SerialNumber: 0000:00:04.0
May 17 11:43:51 osmanubuntu kernel: [    0.750284] hub 1-0:1.0: USB hub found
May 17 11:43:51 osmanubuntu kernel: [    0.750381] hub 1-0:1.0: 4 ports detected
May 17 11:43:51 osmanubuntu kernel: [    0.763730] [drm] pci: virtio-gpu-pci detected at 0000:00:02.0
May 17 11:43:51 osmanubuntu kernel: [    0.763932] [drm] features: +virgl +edid -resource_blob -host_visible
May 17 11:43:51 osmanubuntu kernel: [    0.764335] [drm] number of scanouts: 1
May 17 11:43:51 osmanubuntu kernel: [    0.764459] [drm] number of cap sets: 2
May 17 11:43:51 osmanubuntu kernel: [    0.765395] [drm] cap set 0: id 1, max-version 1, max-size 308
May 17 11:43:51 osmanubuntu kernel: [    0.769444] virtio_net virtio0 enp0s1: renamed from eth0
May 17 11:43:51 osmanubuntu kernel: [    0.770021] [drm] cap set 1: id 2, max-version 2, max-size 1376
May 17 11:43:51 osmanubuntu kernel: [    0.770536] usb usb2: We don't know the algorithms for LPM for this host, disabling LPM.
May 17 11:43:51 osmanubuntu kernel: [    0.770799] [drm] Initialized virtio_gpu 0.1.0 0 for virtio1 on minor 0
May 17 11:43:51 osmanubuntu kernel: [    0.770851] usb usb2: New USB device found, idVendor=1d6b, idProduct=0003, bcdDevice= 5.15
May 17 11:43:51 osmanubuntu kernel: [    0.771220] usb usb2: New USB device strings: Mfr=3, Product=2, SerialNumber=1
May 17 11:43:51 osmanubuntu kernel: [    0.771608] usb usb2: Product: xHCI Host Controller
May 17 11:43:51 osmanubuntu kernel: [    0.771609] usb usb2: Manufacturer: Linux 5.15.0-177-generic xhci-hcd
May 17 11:43:51 osmanubuntu kernel: [    0.771610] usb usb2: SerialNumber: 0000:00:04.0
May 17 11:43:51 osmanubuntu kernel: [    0.771617] fbcon: Deferring console take-over
May 17 11:43:51 osmanubuntu kernel: [    0.772290] virtio_gpu virtio1: [drm] fb0: virtio_gpudrmfb frame buffer device
May 17 11:43:51 osmanubuntu kernel: [    0.772595] hub 2-0:1.0: USB hub found
May 17 11:43:51 osmanubuntu kernel: [    0.772686] hub 2-0:1.0: 4 ports detected
May 17 11:43:51 osmanubuntu kernel: [    0.773006] xhci_hcd 0000:00:05.0: xHCI Host Controller
May 17 11:43:51 osmanubuntu kernel: [    0.773137] xhci_hcd 0000:00:05.0: new USB bus registered, assigned bus number 3
May 17 11:43:51 osmanubuntu kernel: [    0.773371] xhci_hcd 0000:00:05.0: hcc params 0x00087001 hci version 0x100 quirks 0x0000000000000010
May 17 11:43:51 osmanubuntu kernel: [    0.773767] xhci_hcd 0000:00:05.0: xHCI Host Controller
May 17 11:43:51 osmanubuntu kernel: [    0.773879] xhci_hcd 0000:00:05.0: new USB bus registered, assigned bus number 4
May 17 11:43:51 osmanubuntu kernel: [    0.774044] xhci_hcd 0000:00:05.0: Host supports USB 3.0 SuperSpeed
May 17 11:43:51 osmanubuntu kernel: [    0.774201] usb usb3: New USB device found, idVendor=1d6b, idProduct=0002, bcdDevice= 5.15
May 17 11:43:51 osmanubuntu kernel: [    0.774378] usb usb3: New USB device strings: Mfr=3, Product=2, SerialNumber=1
May 17 11:43:51 osmanubuntu kernel: [    0.774530] usb usb3: Product: xHCI Host Controller
May 17 11:43:51 osmanubuntu kernel: [    0.774631] usb usb3: Manufacturer: Linux 5.15.0-177-generic xhci-hcd
May 17 11:43:51 osmanubuntu kernel: [    0.774778] usb usb3: SerialNumber: 0000:00:05.0
May 17 11:43:51 osmanubuntu kernel: [    0.774963] hub 3-0:1.0: USB hub found
May 17 11:43:51 osmanubuntu kernel: [    0.775055] hub 3-0:1.0: 4 ports detected
May 17 11:43:51 osmanubuntu kernel: [    0.775257] usb usb4: We don't know the algorithms for LPM for this host, disabling LPM.
May 17 11:43:51 osmanubuntu kernel: [    0.775481] usb usb4: New USB device found, idVendor=1d6b, idProduct=0003, bcdDevice= 5.15
May 17 11:43:51 osmanubuntu kernel: [    0.775697] usb usb4: New USB device strings: Mfr=3, Product=2, SerialNumber=1
May 17 11:43:51 osmanubuntu kernel: [    0.775894] usb usb4: Product: xHCI Host Controller
May 17 11:43:51 osmanubuntu kernel: [    0.776029] usb usb4: Manufacturer: Linux 5.15.0-177-generic xhci-hcd
May 17 11:43:51 osmanubuntu kernel: [    0.776205] usb usb4: SerialNumber: 0000:00:05.0
May 17 11:43:51 osmanubuntu kernel: [    0.776423] hub 4-0:1.0: USB hub found
May 17 11:43:51 osmanubuntu kernel: [    0.776637] hub 4-0:1.0: 4 ports detected
May 17 11:43:51 osmanubuntu kernel: [    1.064484] raid6: neonx8   gen() 45041 MB/s
May 17 11:43:51 osmanubuntu kernel: [    1.093245] usb 1-1: new high-speed USB device number 2 using xhci_hcd
May 17 11:43:51 osmanubuntu kernel: [    1.132482] raid6: neonx8   xor() 38849 MB/s
May 17 11:43:51 osmanubuntu kernel: [    1.200485] raid6: neonx4   gen() 45711 MB/s
May 17 11:43:51 osmanubuntu kernel: [    1.241555] usb 1-1: New USB device found, idVendor=0627, idProduct=0001, bcdDevice= 0.00
May 17 11:43:51 osmanubuntu kernel: [    1.241716] usb 1-1: New USB device strings: Mfr=1, Product=3, SerialNumber=10
May 17 11:43:51 osmanubuntu kernel: [    1.241858] usb 1-1: Product: QEMU USB Tablet
May 17 11:43:51 osmanubuntu kernel: [    1.241944] usb 1-1: Manufacturer: QEMU
May 17 11:43:51 osmanubuntu kernel: [    1.242020] usb 1-1: SerialNumber: 28754-0000:00:04.0-1
May 17 11:43:51 osmanubuntu kernel: [    1.268481] raid6: neonx4   xor() 39474 MB/s
May 17 11:43:51 osmanubuntu kernel: [    1.336483] raid6: neonx2   gen() 46175 MB/s
May 17 11:43:51 osmanubuntu kernel: [    1.369238] usb 1-2: new high-speed USB device number 3 using xhci_hcd
May 17 11:43:51 osmanubuntu kernel: [    1.404479] raid6: neonx2   xor() 39226 MB/s
May 17 11:43:51 osmanubuntu kernel: [    1.472483] raid6: neonx1   gen() 45340 MB/s
May 17 11:43:51 osmanubuntu kernel: [    1.517587] usb 1-2: New USB device found, idVendor=0627, idProduct=0001, bcdDevice= 0.00
May 17 11:43:51 osmanubuntu kernel: [    1.517753] usb 1-2: New USB device strings: Mfr=1, Product=2, SerialNumber=9
May 17 11:43:51 osmanubuntu kernel: [    1.517896] usb 1-2: Product: QEMU USB Mouse
May 17 11:43:51 osmanubuntu kernel: [    1.517982] usb 1-2: Manufacturer: QEMU
May 17 11:43:51 osmanubuntu kernel: [    1.518059] usb 1-2: SerialNumber: 89126-0000:00:04.0-2
May 17 11:43:51 osmanubuntu kernel: [    1.540481] raid6: neonx1   xor() 29537 MB/s
May 17 11:43:51 osmanubuntu kernel: [    1.608485] raid6: int64x8  gen() 23056 MB/s
May 17 11:43:51 osmanubuntu kernel: [    1.645244] usb 1-3: new high-speed USB device number 4 using xhci_hcd
May 17 11:43:51 osmanubuntu kernel: [    1.676479] raid6: int64x8  xor() 12400 MB/s
May 17 11:43:51 osmanubuntu kernel: [    1.744484] raid6: int64x4  gen() 21789 MB/s
May 17 11:43:51 osmanubuntu kernel: [    1.793575] usb 1-3: New USB device found, idVendor=0627, idProduct=0001, bcdDevice= 0.00
May 17 11:43:51 osmanubuntu kernel: [    1.793743] usb 1-3: New USB device strings: Mfr=1, Product=4, SerialNumber=11
May 17 11:43:51 osmanubuntu kernel: [    1.793887] usb 1-3: Product: QEMU USB Keyboard
May 17 11:43:51 osmanubuntu kernel: [    1.793979] usb 1-3: Manufacturer: QEMU
May 17 11:43:51 osmanubuntu kernel: [    1.794056] usb 1-3: SerialNumber: 68284-0000:00:04.0-3
May 17 11:43:51 osmanubuntu kernel: [    1.812479] raid6: int64x4  xor() 11871 MB/s
May 17 11:43:51 osmanubuntu kernel: [    1.880482] raid6: int64x2  gen() 18979 MB/s
May 17 11:43:51 osmanubuntu kernel: [    1.921244] usb 1-4: new full-speed USB device number 5 using xhci_hcd
May 17 11:43:51 osmanubuntu kernel: [    1.948483] raid6: int64x2  xor() 10279 MB/s
May 17 11:43:51 osmanubuntu kernel: [    2.016486] raid6: int64x1  gen() 16578 MB/s
May 17 11:43:51 osmanubuntu kernel: [    2.069620] usb 1-4: New USB device found, idVendor=0409, idProduct=55aa, bcdDevice= 1.01
May 17 11:43:51 osmanubuntu kernel: [    2.069787] usb 1-4: New USB device strings: Mfr=1, Product=2, SerialNumber=3
May 17 11:43:51 osmanubuntu kernel: [    2.069925] usb 1-4: Product: QEMU USB Hub
May 17 11:43:51 osmanubuntu kernel: [    2.070004] usb 1-4: Manufacturer: QEMU
May 17 11:43:51 osmanubuntu kernel: [    2.070079] usb 1-4: SerialNumber: 314159-0000:00:04.0-4
May 17 11:43:51 osmanubuntu kernel: [    2.070353] hub 1-4:1.0: USB hub found
May 17 11:43:51 osmanubuntu kernel: [    2.070482] hub 1-4:1.0: 8 ports detected
May 17 11:43:51 osmanubuntu kernel: [    2.072916] hid: raw HID events driver (C) Jiri Kosina
May 17 11:43:51 osmanubuntu kernel: [    2.074527] usbcore: registered new interface driver usbhid
May 17 11:43:51 osmanubuntu kernel: [    2.074712] usbhid: USB HID core driver
May 17 11:43:51 osmanubuntu kernel: [    2.075555] input: QEMU QEMU USB Tablet as /devices/pci0000:00/0000:00:04.0/usb1/1-1/1-1:1.0/0003:0627:0001.0001/input/input1
May 17 11:43:51 osmanubuntu kernel: [    2.076007] hid-generic 0003:0627:0001.0001: input,hidraw0: USB HID v0.01 Mouse [QEMU QEMU USB Tablet] on usb-0000:00:04.0-1/input0
May 17 11:43:51 osmanubuntu kernel: [    2.076390] input: QEMU QEMU USB Mouse as /devices/pci0000:00/0000:00:04.0/usb1/1-2/1-2:1.0/0003:0627:0001.0002/input/input2
May 17 11:43:51 osmanubuntu kernel: [    2.076891] hid-generic 0003:0627:0001.0002: input,hidraw1: USB HID v0.01 Mouse [QEMU QEMU USB Mouse] on usb-0000:00:04.0-2/input0
May 17 11:43:51 osmanubuntu kernel: [    2.077269] input: QEMU QEMU USB Keyboard as /devices/pci0000:00/0000:00:04.0/usb1/1-3/1-3:1.0/0003:0627:0001.0003/input/input3
May 17 11:43:51 osmanubuntu kernel: [    2.084486] raid6: int64x1  xor()  8994 MB/s
May 17 11:43:51 osmanubuntu kernel: [    2.084583] raid6: using algorithm neonx2 gen() 46175 MB/s
May 17 11:43:51 osmanubuntu kernel: [    2.084688] raid6: .... xor() 39226 MB/s, rmw enabled
May 17 11:43:51 osmanubuntu kernel: [    2.084784] raid6: using neon recovery algorithm
May 17 11:43:51 osmanubuntu kernel: [    2.085603] xor: measuring software checksum speed
May 17 11:43:51 osmanubuntu kernel: [    2.085756]    8regs           : 51398 MB/sec
May 17 11:43:51 osmanubuntu kernel: [    2.085892]    32regs          : 66672 MB/sec
May 17 11:43:51 osmanubuntu kernel: [    2.086019]    arm64_neon      : 80184 MB/sec
May 17 11:43:51 osmanubuntu kernel: [    2.086097] xor: using function: arm64_neon (80184 MB/sec)
May 17 11:43:51 osmanubuntu kernel: [    2.086559] async_tx: api initialized (async)
May 17 11:43:51 osmanubuntu kernel: [    2.141425] hid-generic 0003:0627:0001.0003: input,hidraw2: USB HID v1.11 Keyboard [QEMU QEMU USB Keyboard] on usb-0000:00:04.0-3/input0
May 17 11:43:51 osmanubuntu kernel: [    2.163746] Btrfs loaded, crc32c=crc32c-generic, zoned=yes, fsverity=yes
May 17 11:43:51 osmanubuntu kernel: [    2.178864] EXT4-fs (dm-0): mounted filesystem with ordered data mode. Opts: (null). Quota mode: none.
May 17 11:43:51 osmanubuntu kernel: [    2.361241] usb 1-4.1: new full-speed USB device number 6 using xhci_hcd
May 17 11:43:51 osmanubuntu kernel: [    2.385639] pstore: Using crash dump compression: deflate
May 17 11:43:51 osmanubuntu kernel: [    2.385849] pstore: Registered efi as persistent store backend
May 17 11:43:51 osmanubuntu kernel: [    2.388123] EXT4-fs (dm-0): re-mounted. Opts: (null). Quota mode: none.
May 17 11:43:51 osmanubuntu kernel: [    2.398095] alua: device handler registered
May 17 11:43:51 osmanubuntu kernel: [    2.399069] emc: device handler registered
May 17 11:43:51 osmanubuntu kernel: [    2.400157] rdac: device handler registered
May 17 11:43:51 osmanubuntu kernel: [    2.421313] loop0: detected capacity change from 0 to 8
May 17 11:43:51 osmanubuntu kernel: [    2.421636] loop1: detected capacity change from 0 to 122368
May 17 11:43:51 osmanubuntu kernel: [    2.422142] loop2: detected capacity change from 0 to 126776
May 17 11:43:51 osmanubuntu kernel: [    2.422828] loop3: detected capacity change from 0 to 493792
May 17 11:43:51 osmanubuntu kernel: [    2.423876] loop4: detected capacity change from 0 to 1132440
May 17 11:43:51 osmanubuntu kernel: [    2.424646] loop5: detected capacity change from 0 to 187776
May 17 11:43:51 osmanubuntu kernel: [    2.425471] loop6: detected capacity change from 0 to 158472
May 17 11:43:51 osmanubuntu kernel: [    2.426201] loop7: detected capacity change from 0 to 357512
May 17 11:43:51 osmanubuntu kernel: [    2.427146] loop8: detected capacity change from 0 to 69032
May 17 11:43:51 osmanubuntu kernel: [    2.464669] usb 1-4.1: not running at top speed; connect to a high speed hub
May 17 11:43:51 osmanubuntu kernel: [    2.464887] usb 1-4.1: New USB device found, idVendor=46f4, idProduct=0001, bcdDevice= 0.00
May 17 11:43:51 osmanubuntu kernel: [    2.464888] usb 1-4.1: New USB device strings: Mfr=1, Product=2, SerialNumber=3
May 17 11:43:51 osmanubuntu kernel: [    2.464889] usb 1-4.1: Product: QEMU USB HARDDRIVE
May 17 11:43:51 osmanubuntu kernel: [    2.464889] usb 1-4.1: Manufacturer: QEMU
May 17 11:43:51 osmanubuntu kernel: [    2.464890] usb 1-4.1: SerialNumber: 1-0000:00:04.0-4.1
May 17 11:43:51 osmanubuntu kernel: [    2.528854] usb-storage 1-4.1:1.0: USB Mass Storage device detected
May 17 11:43:51 osmanubuntu kernel: [    2.529007] scsi host0: usb-storage 1-4.1:1.0
May 17 11:43:51 osmanubuntu kernel: [    2.529094] usbcore: registered new interface driver usb-storage
May 17 11:43:51 osmanubuntu kernel: [    2.530018] usbcore: registered new interface driver uas
May 17 11:43:51 osmanubuntu kernel: [    2.574998] EXT4-fs (vda2): mounted filesystem with ordered data mode. Opts: (null). Quota mode: none.
May 17 11:43:51 osmanubuntu kernel: [    2.614094] audit: type=1400 audit(1779018229.736:2): apparmor="STATUS" operation="profile_load" profile="unconfined" name="lsb_release" pid=645 comm="apparmor_parser"
May 17 11:43:51 osmanubuntu kernel: [    2.614975] snd_hda_intel 0000:00:03.0: enabling device (0000 -> 0002)
May 17 11:43:51 osmanubuntu kernel: [    2.615104] snd_hda_intel 0000:00:03.0: Force to snoop mode by module option
May 17 11:43:51 osmanubuntu kernel: [    2.615436] audit: type=1400 audit(1779018229.736:3): apparmor="STATUS" operation="profile_load" profile="unconfined" name="nvidia_modprobe" pid=646 comm="apparmor_parser"
May 17 11:43:51 osmanubuntu kernel: [    2.615438] audit: type=1400 audit(1779018229.736:4): apparmor="STATUS" operation="profile_load" profile="unconfined" name="nvidia_modprobe//kmod" pid=646 comm="apparmor_parser"
May 17 11:43:51 osmanubuntu kernel: [    2.618287] audit: type=1400 audit(1779018229.740:5): apparmor="STATUS" operation="profile_load" profile="unconfined" name="ubuntu_pro_apt_news" pid=648 comm="apparmor_parser"
May 17 11:43:51 osmanubuntu kernel: [    2.618985] audit: type=1400 audit(1779018229.740:6): apparmor="STATUS" operation="profile_load" profile="unconfined" name="/usr/lib/NetworkManager/nm-dhcp-client.action" pid=647 comm="apparmor_parser"
May 17 11:43:51 osmanubuntu kernel: [    2.618986] audit: type=1400 audit(1779018229.740:7): apparmor="STATUS" operation="profile_load" profile="unconfined" name="/usr/lib/NetworkManager/nm-dhcp-helper" pid=647 comm="apparmor_parser"
May 17 11:43:51 osmanubuntu kernel: [    2.618987] audit: type=1400 audit(1779018229.740:8): apparmor="STATUS" operation="profile_load" profile="unconfined" name="/usr/lib/connman/scripts/dhclient-script" pid=647 comm="apparmor_parser"
May 17 11:43:51 osmanubuntu kernel: [    2.618988] audit: type=1400 audit(1779018229.740:9): apparmor="STATUS" operation="profile_load" profile="unconfined" name="/{,usr/}sbin/dhclient" pid=647 comm="apparmor_parser"
May 17 11:43:51 osmanubuntu kernel: [    2.621501] audit: type=1400 audit(1779018229.744:10): apparmor="STATUS" operation="profile_load" profile="unconfined" name="/usr/bin/man" pid=657 comm="apparmor_parser"
May 17 11:43:51 osmanubuntu kernel: [    2.623837] snd_hda_codec_generic hdaudioC0D0: autoconfig for Generic: line_outs=1 (0x3/0x0/0x0/0x0/0x0) type:line
May 17 11:43:51 osmanubuntu kernel: [    2.623839] snd_hda_codec_generic hdaudioC0D0:    speaker_outs=0 (0x0/0x0/0x0/0x0/0x0)
May 17 11:43:51 osmanubuntu kernel: [    2.623839] snd_hda_codec_generic hdaudioC0D0:    hp_outs=0 (0x0/0x0/0x0/0x0/0x0)
May 17 11:43:51 osmanubuntu kernel: [    2.623840] snd_hda_codec_generic hdaudioC0D0:    mono: mono_out=0x0
May 17 11:43:51 osmanubuntu kernel: [    2.623841] snd_hda_codec_generic hdaudioC0D0:    inputs:
May 17 11:43:51 osmanubuntu kernel: [    2.623841] snd_hda_codec_generic hdaudioC0D0:      Line=0x5
May 17 11:43:51 osmanubuntu kernel: [    3.563784] scsi 0:0:0:0: CD-ROM            QEMU     QEMU CD-ROM      2.5+ PQ: 0 ANSI: 5
May 17 11:43:51 osmanubuntu kernel: [    3.566078] sr 0:0:0:0: [sr0] scsi3-mmc drive: 16x/50x cd/rw xa/form2 cdda tray
May 17 11:43:51 osmanubuntu kernel: [    3.566087] cdrom: Uniform CD-ROM driver Revision: 3.20
May 17 11:43:51 osmanubuntu kernel: [    3.567782] sr 0:0:0:0: Attached scsi CD-ROM sr0
May 17 11:43:51 osmanubuntu kernel: [    3.568174] sr 0:0:0:0: Attached scsi generic sg0 type 5
May 17 11:43:51 osmanubuntu kernel: [    4.831317] loop9: detected capacity change from 0 to 8
May 17 11:44:02 osmanubuntu kernel: [   15.308834] virtio_gpu virtio1: [drm] drm_plane_enable_fb_damage_clips() not called
May 17 11:44:03 osmanubuntu kernel: [   16.184795] rfkill: input handler disabled
May 17 11:44:03 osmanubuntu kernel: [   16.444025] input: spice vdagent tablet as /devices/virtual/input/input4
May 17 11:44:13 osmanubuntu kernel: [   26.147540] rfkill: input handler enabled
May 17 11:44:14 osmanubuntu kernel: [   27.059801] rfkill: input handler disabled
May 17 11:44:14 osmanubuntu kernel: [   27.661880] input: spice vdagent tablet as /devices/virtual/input/input5
May 17 11:45:56 osmanubuntu kernel: [  129.469141] kauditd_printk_skb: 63 callbacks suppressed
May 17 11:45:56 osmanubuntu kernel: [  129.469163] audit: type=1400 audit(1779018356.964:74): apparmor="DENIED" operation="open" profile="snap.firefox.firefox" name="/proc/pressure/memory" pid=1994 comm="firefox" requested_mask="r" denied_mask="r" fsuid=1000 ouid=0
May 17 11:46:06 osmanubuntu kernel: [  139.047603] audit: type=1400 audit(1779018366.541:75): apparmor="DENIED" operation="open" profile="snap.firefox.firefox" name="/proc/pressure/memory" pid=1994 comm="MemoryPoller" requested_mask="r" denied_mask="r" fsuid=1000 ouid=0
May 17 11:46:11 osmanubuntu kernel: [  144.051308] audit: type=1400 audit(1779018371.542:76): apparmor="DENIED" operation="open" profile="snap.firefox.firefox" name="/proc/pressure/memory" pid=1994 comm="MemoryPoller" requested_mask="r" denied_mask="r" fsuid=1000 ouid=0
May 17 11:46:16 osmanubuntu kernel: [  149.063620] audit: type=1400 audit(1779018376.551:77): apparmor="DENIED" operation="open" profile="snap.firefox.firefox" name="/proc/pressure/memory" pid=1994 comm="MemoryPoller" requested_mask="r" denied_mask="r" fsuid=1000 ouid=0
May 17 11:46:21 osmanubuntu kernel: [  154.110399] audit: type=1400 audit(1779018381.592:78): apparmor="DENIED" operation="open" profile="snap.firefox.firefox" name="/proc/pressure/memory" pid=1994 comm="MemoryPoller" requested_mask="r" denied_mask="r" fsuid=1000 ouid=0
May 17 11:46:26 osmanubuntu kernel: [  159.116511] audit: type=1400 audit(1779018386.598:79): apparmor="DENIED" operation="open" profile="snap.firefox.firefox" name="/proc/pressure/memory" pid=1994 comm="MemoryPoller" requested_mask="r" denied_mask="r" fsuid=1000 ouid=0
May 17 11:46:31 osmanubuntu kernel: [  164.125385] audit: type=1400 audit(1779018391.604:80): apparmor="DENIED" operation="open" profile="snap.firefox.firefox" name="/proc/pressure/memory" pid=1994 comm="MemoryPoller" requested_mask="r" denied_mask="r" fsuid=1000 ouid=0
May 17 11:46:36 osmanubuntu kernel: [  169.149245] audit: type=1400 audit(1779018396.631:81): apparmor="DENIED" operation="open" profile="snap.firefox.firefox" name="/proc/pressure/memory" pid=1994 comm="MemoryPoller" requested_mask="r" denied_mask="r" fsuid=1000 ouid=0
May 17 11:46:41 osmanubuntu kernel: [  174.151799] audit: type=1400 audit(1779018401.630:82): apparmor="DENIED" operation="open" profile="snap.firefox.firefox" name="/proc/pressure/memory" pid=1994 comm="MemoryPoller" requested_mask="r" denied_mask="r" fsuid=1000 ouid=0
May 17 11:47:45 osmanubuntu kernel: [  238.048005] audit: type=1400 audit(1779018465.522:83): apparmor="DENIED" operation="open" profile="snap.firefox.firefox" name="/proc/pressure/memory" pid=1994 comm="MemoryPoller" requested_mask="r" denied_mask="r" fsuid=1000 ouid=0
May 17 11:47:50 osmanubuntu kernel: [  243.050537] audit: type=1400 audit(1779018470.522:84): apparmor="DENIED" operation="open" profile="snap.firefox.firefox" name="/proc/pressure/memory" pid=1994 comm="MemoryPoller" requested_mask="r" denied_mask="r" fsuid=1000 ouid=0
May 17 11:48:20 osmanubuntu kernel: [  272.538611] audit: type=1400 audit(1779018500.019:85): apparmor="DENIED" operation="open" profile="snap.firefox.firefox" name="/proc/pressure/memory" pid=1994 comm="MemoryPoller" requested_mask="r" denied_mask="r" fsuid=1000 ouid=0
May 17 11:48:25 osmanubuntu kernel: [  277.537025] audit: type=1400 audit(1779018505.017:86): apparmor="DENIED" operation="open" profile="snap.firefox.firefox" name="/proc/pressure/memory" pid=1994 comm="MemoryPoller" requested_mask="r" denied_mask="r" fsuid=1000 ouid=0
May 17 11:49:00 osmanubuntu kernel: [  313.112042] loop9: detected capacity change from 0 to 126688
May 17 12:01:04 osmanubuntu kernel: [ 1037.107663] audit: type=1400 audit(1779019264.625:87): apparmor="DENIED" operation="capable" profile="/usr/sbin/cups-browsed" pid=21196 comm="cups-browsed" capability=23  capname="sys_nice"
May 17 14:13:24 osmanubuntu kernel: [ 8466.449801] loop10: detected capacity change from 0 to 8
May 17 14:13:24 osmanubuntu kernel: [ 8466.664507] audit: type=1400 audit(1779027204.305:88): apparmor="STATUS" operation="profile_replace" info="same as current profile, skipping" profile="unconfined" name="/usr/lib/snapd/snap-confine" pid=137178 comm="apparmor_parser"
May 17 14:13:24 osmanubuntu kernel: [ 8466.665325] audit: type=1400 audit(1779027204.305:89): apparmor="STATUS" operation="profile_replace" info="same as current profile, skipping" profile="unconfined" name="/usr/lib/snapd/snap-confine//mount-namespace-capture-helper" pid=137178 comm="apparmor_parser"
May 17 14:14:55 osmanubuntu kernel: [ 8557.901512] audit: type=1400 audit(1779027295.541:90): apparmor="STATUS" operation="profile_replace" profile="unconfined" name="snap-update-ns.firefox" pid=137794 comm="apparmor_parser"
May 17 14:14:55 osmanubuntu kernel: [ 8557.915323] audit: type=1400 audit(1779027295.557:91): apparmor="STATUS" operation="profile_replace" profile="unconfined" name="snap.firefox.firefox" pid=137795 comm="apparmor_parser"
May 17 14:14:55 osmanubuntu kernel: [ 8558.101371] audit: type=1400 audit(1779027295.741:92): apparmor="STATUS" operation="profile_replace" profile="unconfined" name="snap.firefox.hook.configure" pid=137798 comm="apparmor_parser"
May 17 14:14:55 osmanubuntu kernel: [ 8558.217555] audit: type=1400 audit(1779027295.857:93): apparmor="STATUS" operation="profile_replace" profile="unconfined" name="snap.firefox.hook.disconnect-plug-host-hunspell" pid=137799 comm="apparmor_parser"
May 17 14:14:55 osmanubuntu kernel: [ 8558.344466] audit: type=1400 audit(1779027295.985:94): apparmor="STATUS" operation="profile_replace" profile="unconfined" name="snap.firefox.hook.install" pid=137800 comm="apparmor_parser"
May 17 14:14:56 osmanubuntu kernel: [ 8558.461295] audit: type=1400 audit(1779027296.101:95): apparmor="STATUS" operation="profile_replace" profile="unconfined" name="snap.firefox.hook.post-refresh" pid=137801 comm="apparmor_parser"
May 17 14:14:56 osmanubuntu kernel: [ 8558.587014] audit: type=1400 audit(1779027296.229:96): apparmor="STATUS" operation="profile_replace" profile="unconfined" name="snap.firefox.geckodriver" pid=137797 comm="apparmor_parser"
May 17 14:14:56 osmanubuntu kernel: [ 8559.304092] audit: type=1400 audit(1779027296.945:97): apparmor="STATUS" operation="profile_replace" profile="unconfined" name="snap-update-ns.firefox" pid=137814 comm="apparmor_parser"
May 17 14:14:57 osmanubuntu kernel: [ 8559.427964] audit: type=1400 audit(1779027297.069:98): apparmor="STATUS" operation="profile_replace" profile="unconfined" name="snap.firefox.firefox" pid=137815 comm="apparmor_parser"
May 17 14:14:57 osmanubuntu kernel: [ 8559.588155] audit: type=1400 audit(1779027297.229:99): apparmor="STATUS" operation="profile_replace" profile="unconfined" name="snap.firefox.hook.configure" pid=137817 comm="apparmor_parser"
May 17 14:15:00 osmanubuntu kernel: [ 8562.978278] kauditd_printk_skb: 19 callbacks suppressed
May 17 14:15:00 osmanubuntu kernel: [ 8562.978280] audit: type=1400 audit(1779027300.621:119): apparmor="STATUS" operation="profile_replace" profile="unconfined" name="snap.firefox.firefox" pid=137906 comm="apparmor_parser"
May 17 14:15:00 osmanubuntu kernel: [ 8563.117874] audit: type=1400 audit(1779027300.757:120): apparmor="STATUS" operation="profile_replace" profile="unconfined" name="snMay 17 16:19:54 osmanubuntu kernel: [  115.268030] EXT4-fs (dm-0): resizing filesystem from 4842496 to 9684992 blocks
May 17 16:19:54 osmanubuntu kernel: [  115.309977] EXT4-fs (dm-0): resized filesystem to 9684992
May 17 16:24:44 osmanubuntu kernel: [    0.000000] Booting Linux on physical CPU 0x0000000000 [0x610f0000]
May 17 16:24:44 osmanubuntu kernel: [    0.000000] Linux version 5.15.0-179-generic (buildd@bos03-arm64-021) (gcc (Ubuntu 11.4.0-1ubuntu1~22.04.3) 11.4.0, GNU ld (GNU Binutils for Ubuntu) 2.38) #189-Ubuntu SMP Thu May 7 16:39:18 UTC 2026 (Ubuntu 5.15.0-179.189-generic 5.15.199)
May 17 16:24:44 osmanubuntu kernel: [    0.000000] efi: EFI v2.70 by EDK II
May 17 16:24:44 osmanubuntu kernel: [    0.000000] efi: SMBIOS 3.0=0x23f810000 MEMATTR=0x23e803118 ACPI 2.0=0x23c150018 MOKvar=0x23c060000 RNG=0x23c15e698 MEMRESERVE=0x23c483618 
May 17 16:24:44 osmanubuntu kernel: [    0.000000] random: crng init done
May 17 16:24:44 osmanubuntu kernel: [    0.000000] secureboot: Secure boot disabled
May 17 16:24:44 osmanubuntu kernel: [    0.000000] ACPI: Early table checksum verification disabled
May 17 16:24:44 osmanubuntu kernel: [    0.000000] ACPI: RSDP 0x000000023C150018 000024 (v02 BOCHS )
May 17 16:24:44 osmanubuntu kernel: [    0.000000] ACPI: XSDT 0x000000023C15FE98 00006C (v01 BOCHS  BXPC     00000001      01000013)
May 17 16:24:44 osmanubuntu kernel: [    0.000000] ACPI: FACP 0x000000023C15FA98 000114 (v06 BOCHS  BXPC     00000001 BXPC 00000001)
May 17 16:24:44 osmanubuntu kernel: [    0.000000] ACPI: DSDT 0x000000023C157518 0014A2 (v02 BOCHS  BXPC     00000001 BXPC 00000001)
May 17 16:24:44 osmanubuntu kernel: [    0.000000] ACPI: APIC 0x000000023C15FC18 00019C (v04 BOCHS  BXPC     00000001 BXPC 00000001)
May 17 16:24:44 osmanubuntu kernel: [    0.000000] ACPI: PPTT 0x000000023C15D898 000088 (v02 BOCHS  BXPC     00000001 BXPC 00000001)
May 17 16:24:44 osmanubuntu kernel: [    0.000000] ACPI: GTDT 0x000000023C15E818 000068 (v03 BOCHS  BXPC     00000001 BXPC 00000001)
May 17 16:24:44 osmanubuntu kernel: [    0.000000] ACPI: MCFG 0x000000023C15E918 00003C (v01 BOCHS  BXPC     00000001 BXPC 00000001)
May 17 16:24:44 osmanubuntu kernel: [    0.000000] ACPI: SPCR 0x000000023C15FF98 000050 (v02 BOCHS  BXPC     00000001 BXPC 00000001)
May 17 16:24:44 osmanubuntu kernel: [    0.000000] ACPI: DBG2 0x000000023C15E418 000057 (v00 BOCHS  BXPC     00000001 BXPC 00000001)
May 17 16:24:44 osmanubuntu kernel: [    0.000000] ACPI: IORT 0x000000023C15E718 000080 (v03 BOCHS  BXPC     00000001 BXPC 00000001)
May 17 16:24:44 osmanubuntu kernel: [    0.000000] ACPI: BGRT 0x000000023C15E498 000038 (v01 INTEL  EDK2     00000002      01000013)
May 17 16:24:44 osmanubuntu kernel: [    0.000000] ACPI: SPCR: console: pl011,mmio32,0x9000000,9600
May 17 16:24:44 osmanubuntu kernel: [    0.000000] NUMA: Failed to initialise from firmware
May 17 16:24:44 osmanubuntu kernel: [    0.000000] NUMA: Faking a node at [mem 0x0000000040000000-0x000000023fffffff]
May 17 16:24:44 osmanubuntu kernel: [    0.000000] NUMA: NODE_DATA [mem 0x23ee47f80-0x23ee4cfff]
May 17 16:24:44 osmanubuntu kernel: [    0.000000] Zone ranges:
May 17 16:24:44 osmanubuntu kernel: [    0.000000]   DMA      [mem 0x0000000040000000-0x00000000ffffffff]
May 17 16:24:44 osmanubuntu kernel: [    0.000000]   DMA32    empty
May 17 16:24:44 osmanubuntu kernel: [    0.000000]   Normal   [mem 0x0000000100000000-0x000000023fffffff]
May 17 16:24:44 osmanubuntu kernel: [    0.000000]   Device   empty
May 17 16:24:44 osmanubuntu kernel: [    0.000000] Movable zone start for each node
May 17 16:24:44 osmanubuntu kernel: [    0.000000] Early memory node ranges
May 17 16:24:44 osmanubuntu kernel: [    0.000000]   node   0: [mem 0x0000000040000000-0x000000023c05ffff]
May 17 16:24:44 osmanubuntu kernel: [    0.000000]   node   0: [mem 0x000000023c060000-0x000000023c06ffff]
May 17 16:24:44 osmanubuntu kernel: [    0.000000]   node   0: [mem 0x000000023c070000-0x000000023c15ffff]
May 17 16:24:44 osmanubuntu kernel: [    0.000000]   node   0: [mem 0x000000023c160000-0x000000023c47ffff]
May 17 16:24:44 osmanubuntu kernel: [    0.000000]   node   0: [mem 0x000000023c480000-0x000000023f75ffff]
May 17 16:24:44 osmanubuntu kernel: [    0.000000]   node   0: [mem 0x000000023f760000-0x000000023f7effff]
May 17 16:24:44 osmanubuntu kernel: [    0.000000]   node   0: [mem 0x000000023f7f0000-0x000000023f7fffff]
May 17 16:24:44 osmanubuntu kernel: [    0.000000]   node   0: [mem 0x000000023f800000-0x000000023f91ffff]
May 17 16:24:44 osmanubuntu kernel: [    0.000000]   node   0: [mem 0x000000023f920000-0x000000023fffffff]
May 17 16:24:44 osmanubuntu kernel: [    0.000000] Initmem setup node 0 [mem 0x0000000040000000-0x000000023fffffff]
May 17 16:24:44 osmanubuntu kernel: [    0.000000] cma: Reserved 32 MiB at 0x00000000fe000000
May 17 16:24:44 osmanubuntu kernel: [    0.000000] psci: probing for conduit method from ACPI.
May 17 16:24:44 osmanubuntu kernel: [    0.000000] psci: PSCIv1.1 detected in firmware.
May 17 16:24:44 osmanubuntu kernel: [    0.000000] psci: Using standard PSCI v0.2 function IDs
May 17 16:24:44 osmanubuntu kernel: [    0.000000] psci: Trusted OS migration not required
May 17 16:24:44 osmanubuntu kernel: [    0.000000] psci: SMC Calling Convention v1.0
May 17 16:24:44 osmanubuntu kernel: [    0.000000] ACPI: SRAT not present
May 17 16:24:44 osmanubuntu kernel: [    0.000000] percpu: Embedded 31 pages/cpu s88792 r8192 d29992 u126976
May 17 16:24:44 osmanubuntu kernel: [    0.000000] pcpu-alloc: s88792 r8192 d29992 u126976 alloc=31*4096
May 17 16:24:44 osmanubuntu kernel: [    0.000000] pcpu-alloc: [0] 0 [0] 1 [0] 2 [0] 3 
May 17 16:24:44 osmanubuntu kernel: [    0.000000] Detected PIPT I-cache on CPU0
May 17 16:24:44 osmanubuntu kernel: [    0.000000] CPU features: detected: Address authentication (IMP DEF algorithm)
May 17 16:24:44 osmanubuntu kernel: [    0.000000] CPU features: detected: Spectre-v4
May 17 16:24:44 osmanubuntu kernel: [    0.000000] CPU features: detected: Spectre-BHB
May 17 16:24:44 osmanubuntu kernel: [    0.000000] alternatives: patching kernel code
May 17 16:24:44 osmanubuntu kernel: [    0.000000] Built 1 zonelists, mobility grouping on.  Total pages: 2064384
May 17 16:24:44 osmanubuntu kernel: [    0.000000] Policy zone: Normal
May 17 16:24:44 osmanubuntu kernel: [    0.000000] Kernel command line: BOOT_IMAGE=/vmlinuz-5.15.0-179-generic root=/dev/mapper/ubuntu--vg-ubuntu--lv ro
May 17 16:24:44 osmanubuntu kernel: [    0.000000] Dentry cache hash table entries: 1048576 (order: 11, 8388608 bytes, linear)
May 17 16:24:44 osmanubuntu kernel: [    0.000000] Inode-cache hash table entries: 524288 (order: 10, 4194304 bytes, linear)
May 17 16:24:44 osmanubuntu kernel: [    0.000000] mem auto-init: stack:off, heap alloc:on, heap free:off
May 17 16:24:44 osmanubuntu kernel: [    0.000000] software IO TLB: mapped [mem 0x00000000fa000000-0x00000000fe000000] (64MB)
May 17 16:24:44 osmanubuntu kernel: [    0.000000] Memory: 7972872K/8388608K available (17536K kernel code, 4602K rwdata, 14112K rodata, 9664K init, 1193K bss, 382968K reserved, 32768K cma-reserved)
May 17 16:24:44 osmanubuntu kernel: [    0.000000] SLUB: HWalign=64, Order=0-3, MinObjects=0, CPUs=4, Nodes=1
May 17 16:24:44 osmanubuntu kernel: [    0.000000] ftrace: allocating 54682 entries in 214 pages
May 17 16:24:44 osmanubuntu kernel: [    0.000000] ftrace: allocated 214 pages with 5 groups
May 17 16:24:44 osmanubuntu kernel: [    0.000000] trace event string verifier disabled
May 17 16:24:44 osmanubuntu kernel: [    0.000000] rcu: Hierarchical RCU implementation.
May 17 16:24:44 osmanubuntu kernel: [    0.000000] rcu: 	RCU restricting CPUs from NR_CPUS=256 to nr_cpu_ids=4.
May 17 16:24:44 osmanubuntu kernel: [    0.000000] 	Rude variant of Tasks RCU enabled.
May 17 16:24:44 osmanubuntu kernel: [    0.000000] 	Tracing variant of Tasks RCU enabled.
May 17 16:24:44 osmanubuntu kernel: [    0.000000] rcu: RCU calculated value of scheduler-enlistment delay is 25 jiffies.
May 17 16:24:44 osmanubuntu kernel: [    0.000000] rcu: Adjusting geometry for rcu_fanout_leaf=16, nr_cpu_ids=4
May 17 16:24:44 osmanubuntu kernel: [    0.000000] NR_IRQS: 64, nr_irqs: 64, preallocated irqs: 0
May 17 16:24:44 osmanubuntu kernel: [    0.000000] Root IRQ handler: gic_handle_irq
May 17 16:24:44 osmanubuntu kernel: [    0.000000] GICv2m: ACPI overriding V2M MSI_TYPER (base:80, num:64)
May 17 16:24:44 osmanubuntu kernel: [    0.000000] GICv2m: range[mem 0x08020000-0x08020fff], SPI[80:143]
May 17 16:24:44 osmanubuntu kernel: [    0.000000] arch_timer: cp15 timer(s) running at 24.00MHz (virt).
May 17 16:24:44 osmanubuntu kernel: [    0.000000] clocksource: arch_sys_counter: mask: 0xffffffffffffff max_cycles: 0x588fe9dc0, max_idle_ns: 440795202592 ns
May 17 16:24:44 osmanubuntu kernel: [    0.000000] sched_clock: 56 bits at 24MHz, resolution 41ns, wraps every 4398046511097ns
May 17 16:24:44 osmanubuntu kernel: [    0.000027] Console: colour dummy device 80x25
May 17 16:24:44 osmanubuntu kernel: [    0.000035] ACPI: Core revision 20210730
May 17 16:24:44 osmanubuntu kernel: [    0.000054] Calibrating delay loop (skipped), value calculated using timer frequency.. 48.00 BogoMIPS (lpj=96000)
May 17 16:24:44 osmanubuntu kernel: [    0.000055] pid_max: default: 32768 minimum: 301
May 17 16:24:44 osmanubuntu kernel: [    0.000064] LSM: Security Framework initializing
May 17 16:24:44 osmanubuntu kernel: [    0.000068] landlock: Up and running.
May 17 16:24:44 osmanubuntu kernel: [    0.000068] Yama: becoming mindful.
May 17 16:24:44 osmanubuntu kernel: [    0.000081] AppArmor: AppArmor initialized
May 17 16:24:44 osmanubuntu kernel: [    0.000102] Mount-cache hash table entries: 16384 (order: 5, 131072 bytes, linear)
May 17 16:24:44 osmanubuntu kernel: [    0.000113] Mountpoint-cache hash table entries: 16384 (order: 5, 131072 bytes, linear)
May 17 16:24:44 osmanubuntu kernel: [    0.000324] rcu: Hierarchical SRCU implementation.
May 17 16:24:44 osmanubuntu kernel: [    0.000416] Remapping and enabling EFI services.
May 17 16:24:44 osmanubuntu kernel: [    0.000523] smp: Bringing up secondary CPUs ...
May 17 16:24:44 osmanubuntu kernel: [    0.000673] Detected PIPT I-cache on CPU1
May 17 16:24:44 osmanubuntu kernel: [    0.000836] CPU1: Booted secondary processor 0x0000000001 [0x610f0000]
May 17 16:24:44 osmanubuntu kernel: [    0.001078] Detected PIPT I-cache on CPU2
May 17 16:24:44 osmanubuntu kernel: [    0.001208] CPU2: Booted secondary processor 0x0000000002 [0x610f0000]
May 17 16:24:44 osmanubuntu kernel: [    0.001456] Detected PIPT I-cache on CPU3
May 17 16:24:44 osmanubuntu kernel: [    0.001569] CPU3: Booted secondary processor 0x0000000003 [0x610f0000]
May 17 16:24:44 osmanubuntu kernel: [    0.001693] smp: Brought up 1 node, 4 CPUs
May 17 16:24:44 osmanubuntu kernel: [    0.001695] SMP: Total of 4 processors activated.
May 17 16:24:44 osmanubuntu kernel: [    0.001695] CPU features: detected: Branch Target Identification
May 17 16:24:44 osmanubuntu kernel: [    0.001696] CPU features: detected: ARMv8.4 Translation Table Level
May 17 16:24:44 osmanubuntu kernel: [    0.001697] CPU features: detected: Data cache clean to the PoU not required for I/D coherence
May 17 16:24:44 osmanubuntu kernel: [    0.001697] CPU features: detected: Common not Private translations
May 17 16:24:44 osmanubuntu kernel: [    0.001697] CPU features: detected: CRC32 instructions
May 17 16:24:44 osmanubuntu kernel: [    0.001697] CPU features: detected: Data cache clean to Point of Deep Persistence
May 17 16:24:44 osmanubuntu kernel: [    0.001698] CPU features: detected: Data cache clean to Point of Persistence
May 17 16:24:44 osmanubuntu kernel: [    0.001698] CPU features: detected: E0PD
May 17 16:24:44 osmanubuntu kernel: [    0.001698] CPU features: detected: Enhanced Privileged Access Never
May 17 16:24:44 osmanubuntu kernel: [    0.001699] CPU features: detected: Generic authentication (IMP DEF algorithm)
May 17 16:24:44 osmanubuntu kernel: [    0.001699] CPU features: detected: RCpc load-acquire (LDAPR)
May 17 16:24:44 osmanubuntu kernel: [    0.001699] CPU features: detected: LSE atomic instructions
May 17 16:24:44 osmanubuntu kernel: [    0.001700] CPU features: detected: Privileged Access Never
May 17 16:24:44 osmanubuntu kernel: [    0.001700] CPU features: detected: RAS Extension Support
May 17 16:24:44 osmanubuntu kernel: [    0.001700] CPU features: detected: Speculation barrier (SB)
May 17 16:24:44 osmanubuntu kernel: [    0.001700] CPU features: detected: TLB range maintenance instructions
May 17 16:24:44 osmanubuntu kernel: [    0.016262] CPU: All CPU(s) started at EL1
May 17 16:24:44 osmanubuntu kernel: [    0.016969] devtmpfs: initialized
May 17 16:24:44 osmanubuntu kernel: [    0.017258] setend instruction emulation is not supported on this system
May 17 16:24:44 osmanubuntu kernel: [    0.017357] KASLR enabled
May 17 16:24:44 osmanubuntu kernel: [    0.017374] clocksource: jiffies: mask: 0xffffffff max_cycles: 0xffffffff, max_idle_ns: 7645041785100000 ns
May 17 16:24:44 osmanubuntu kernel: [    0.017405] futex hash table entries: 1024 (order: 4, 65536 bytes, linear)
May 17 16:24:44 osmanubuntu kernel: [    0.017500] pinctrl core: initialized pinctrl subsystem
May 17 16:24:44 osmanubuntu kernel: [    0.017555] SMBIOS 3.0.0 present.
May 17 16:24:44 osmanubuntu kernel: [    0.017556] DMI: QEMU QEMU Virtual Machine, BIOS 0.0.0 02/06/2015
May 17 16:24:44 osmanubuntu kernel: [    0.017879] NET: Registered PF_NETLINK/PF_ROUTE protocol family
May 17 16:24:44 osmanubuntu kernel: [    0.020237] DMA: preallocated 1024 KiB GFP_KERNEL pool for atomic allocations
May 17 16:24:44 osmanubuntu kernel: [    0.020425] DMA: preallocated 1024 KiB GFP_KERNEL|GFP_DMA pool for atomic allocations
May 17 16:24:44 osmanubuntu kernel: [    0.020687] DMA: preallocated 1024 KiB GFP_KERNEL|GFP_DMA32 pool for atomic allocations
May 17 16:24:44 osmanubuntu kernel: [    0.020692] audit: initializing netlink subsys (disabled)
May 17 16:24:44 osmanubuntu kernel: [    0.020863] audit: type=2000 audit(0.020:1): state=initialized audit_enabled=0 res=1
May 17 16:24:44 osmanubuntu kernel: [    0.020923] thermal_sys: Registered thermal governor 'fair_share'
May 17 16:24:44 osmanubuntu kernel: [    0.020925] thermal_sys: Registered thermal governor 'bang_bang'
May 17 16:24:44 osmanubuntu kernel: [    0.020926] thermal_sys: Registered thermal governor 'step_wise'
May 17 16:24:44 osmanubuntu kernel: [    0.020926] thermal_sys: Registered thermal governor 'user_space'
May 17 16:24:44 osmanubuntu kernel: [    0.020926] thermal_sys: Registered thermal governor 'power_allocator'
May 17 16:24:44 osmanubuntu kernel: [    0.020931] cpuidle: using governor ladder
May 17 16:24:44 osmanubuntu kernel: [    0.020933] cpuidle: using governor menu
May 17 16:24:44 osmanubuntu kernel: [    0.020942] hw-breakpoint: found 6 breakpoint and 4 watchpoint registers.
May 17 16:24:44 osmanubuntu kernel: [    0.021184] ASID allocator initialised with 65536 entries
May 17 16:24:44 osmanubuntu kernel: [    0.021214] ACPI: bus type PCI registered
May 17 16:24:44 osmanubuntu kernel: [    0.021217] acpiphp: ACPI Hot Plug PCI Controller Driver version: 0.5
May 17 16:24:44 osmanubuntu kernel: [    0.021245] Serial: AMBA PL011 UART driver
May 17 16:24:44 osmanubuntu kernel: [    0.022017] HugeTLB registered 1.00 GiB page size, pre-allocated 0 pages
May 17 16:24:44 osmanubuntu kernel: [    0.022018] HugeTLB registered 32.0 MiB page size, pre-allocated 0 pages
May 17 16:24:44 osmanubuntu kernel: [    0.022019] HugeTLB registered 2.00 MiB page size, pre-allocated 0 pages
May 17 16:24:44 osmanubuntu kernel: [    0.022019] HugeTLB registered 64.0 KiB page size, pre-allocated 0 pages
May 17 16:24:44 osmanubuntu kernel: [    0.031355] ACPI: Added _OSI(Module Device)
May 17 16:24:44 osmanubuntu kernel: [    0.031355] ACPI: Added _OSI(Processor Device)
May 17 16:24:44 osmanubuntu kernel: [    0.031356] ACPI: Added _OSI(Processor Aggregator Device)
May 17 16:24:44 osmanubuntu kernel: [    0.031356] ACPI: Added _OSI(Linux-Dell-Video)
May 17 16:24:44 osmanubuntu kernel: [    0.031357] ACPI: Added _OSI(Linux-Lenovo-NV-HDMI-Audio)
May 17 16:24:44 osmanubuntu kernel: [    0.031357] ACPI: Added _OSI(Linux-HPI-Hybrid-Graphics)
May 17 16:24:44 osmanubuntu kernel: [    0.031553] ACPI: 1 ACPI AML tables successfully acquired and loaded
May 17 16:24:44 osmanubuntu kernel: [    0.031783] ACPI: Interpreter enabled
May 17 16:24:44 osmanubuntu kernel: [    0.031783] ACPI: Using GIC for interrupt routing
May 17 16:24:44 osmanubuntu kernel: [    0.031786] ACPI: MCFG table detected, 1 entries
May 17 16:24:44 osmanubuntu kernel: [    0.032280] ARMH0011:00: ttyAMA0 at MMIO 0x9000000 (irq = 12, base_baud = 0) is a SBSA
May 17 16:24:44 osmanubuntu kernel: [    0.214737] printk: console [ttyAMA0] enabled
May 17 16:24:44 osmanubuntu kernel: [    0.216650] ACPI: PCI: Interrupt link L000 configured for IRQ 35
May 17 16:24:44 osmanubuntu kernel: [    0.217924] ACPI: PCI: Interrupt link L001 configured for IRQ 36
May 17 16:24:44 osmanubuntu kernel: [    0.219426] ACPI: PCI: Interrupt link L002 configured for IRQ 37
May 17 16:24:44 osmanubuntu kernel: [    0.221031] ACPI: PCI: Interrupt link L003 configured for IRQ 38
May 17 16:24:44 osmanubuntu kernel: [    0.222373] ACPI: PCI Root Bridge [PCI0] (domain 0000 [bus 00-ff])
May 17 16:24:44 osmanubuntu kernel: [    0.224419] acpi PNP0A08:00: _OSC: OS supports [ExtendedConfig ASPM ClockPM Segments MSI EDR HPX-Type3]
May 17 16:24:44 osmanubuntu kernel: [    0.226899] acpi PNP0A08:00: _OSC: platform does not support [LTR DPC]
May 17 16:24:44 osmanubuntu kernel: [    0.228239] acpi PNP0A08:00: _OSC: OS now controls [PCIeHotplug SHPCHotplug PME AER PCIeCapability]
May 17 16:24:44 osmanubuntu kernel: [    0.229626] acpi PNP0A08:00: ECAM area [mem 0x4010000000-0x401fffffff] reserved by PNP0C02:00
May 17 16:24:44 osmanubuntu kernel: [    0.230618] acpi PNP0A08:00: ECAM at [mem 0x4010000000-0x401fffffff] for [bus 00-ff]
May 17 16:24:44 osmanubuntu kernel: [    0.232018] ACPI: Remapped I/O 0x000000003eff0000 to [io  0x0000-0xffff window]
May 17 16:24:44 osmanubuntu kernel: [    0.233435] PCI host bridge to bus 0000:00
May 17 16:24:44 osmanubuntu kernel: [    0.234432] pci_bus 0000:00: root bus resource [mem 0x10000000-0x3efeffff window]
May 17 16:24:44 osmanubuntu kernel: [    0.236582] pci_bus 0000:00: root bus resource [io  0x0000-0xffff window]
May 17 16:24:44 osmanubuntu kernel: [    0.237870] pci_bus 0000:00: root bus resource [mem 0x8000000000-0xffffffffff window]
May 17 16:24:44 osmanubuntu kernel: [    0.239205] pci_bus 0000:00: root bus resource [bus 00-ff]
May 17 16:24:44 osmanubuntu kernel: [    0.240305] pci 0000:00:00.0: [1b36:0008] type 00 class 0x060000
May 17 16:24:44 osmanubuntu kernel: [    0.241852] pci 0000:00:01.0: [1af4:1000] type 00 class 0x020000
May 17 16:24:44 osmanubuntu kernel: [    0.243081] pci 0000:00:01.0: reg 0x10: [io  0x00e0-0x00ff]
May 17 16:24:44 osmanubuntu kernel: [    0.243990] pci 0000:00:01.0: reg 0x14: [mem 0x10048000-0x10048fff]
May 17 16:24:44 osmanubuntu kernel: [    0.245101] pci 0000:00:01.0: reg 0x20: [mem 0x8000000000-0x8000003fff 64bit pref]
May 17 16:24:44 osmanubuntu kernel: [    0.246190] pci 0000:00:01.0: reg 0x30: [mem 0xfffc0000-0xffffffff pref]
May 17 16:24:44 osmanubuntu kernel: [    0.247274] pci 0000:00:02.0: [1af4:1050] type 00 class 0x038000
May 17 16:24:44 osmanubuntu kernel: [    0.248594] pci 0000:00:02.0: reg 0x14: [mem 0x10047000-0x10047fff]
May 17 16:24:44 osmanubuntu kernel: [    0.249702] pci 0000:00:02.0: reg 0x20: [mem 0x8000004000-0x8000007fff 64bit pref]
May 17 16:24:44 osmanubuntu kernel: [    0.251064] pci 0000:00:03.0: [8086:2668] type 00 class 0x040300
May 17 16:24:44 osmanubuntu kernel: [    0.252248] pci 0000:00:03.0: reg 0x10: [mem 0x10040000-0x10043fff]
May 17 16:24:44 osmanubuntu kernel: [    0.253446] pci 0000:00:04.0: [1033:0194] type 00 class 0x0c0330
May 17 16:24:44 osmanubuntu kernel: [    0.254418] pci 0000:00:04.0: reg 0x10: [mem 0x8000018000-0x800001bfff 64bit]
May 17 16:24:44 osmanubuntu kernel: [    0.255669] pci 0000:00:04.0: enabling Extended Tags
May 17 16:24:44 osmanubuntu kernel: [    0.256611] pci 0000:00:05.0: [1b36:000d] type 00 class 0x0c0330
May 17 16:24:44 osmanubuntu kernel: [    0.257753] pci 0000:00:05.0: reg 0x10: [mem 0x8000014000-0x8000017fff 64bit]
May 17 16:24:44 osmanubuntu kernel: [    0.258870] pci 0000:00:05.0: enabling Extended Tags
May 17 16:24:44 osmanubuntu kernel: [    0.259995] pci 0000:00:06.0: [1af4:1001] type 00 class 0x010000
May 17 16:24:44 osmanubuntu kernel: [    0.261235] pci 0000:00:06.0: reg 0x10: [io  0x0000-0x007f]
May 17 16:24:44 osmanubuntu kernel: [    0.262100] pci 0000:00:06.0: reg 0x14: [mem 0x10046000-0x10046fff]
May 17 16:24:44 osmanubuntu kernel: [    0.263093] pci 0000:00:06.0: reg 0x20: [mem 0x8000008000-0x800000bfff 64bit pref]
May 17 16:24:44 osmanubuntu kernel: [    0.265414] pci 0000:00:07.0: [1af4:1003] type 00 class 0x078000
May 17 16:24:44 osmanubuntu kernel: [    0.266890] pci 0000:00:07.0: reg 0x10: [io  0x0080-0x00bf]
May 17 16:24:44 osmanubuntu kernel: [    0.267646] pci 0000:00:07.0: reg 0x14: [mem 0x10045000-0x10045fff]
May 17 16:24:44 osmanubuntu kernel: [    0.268770] pci 0000:00:07.0: reg 0x20: [mem 0x800000c000-0x800000ffff 64bit pref]
May 17 16:24:44 osmanubuntu kernel: [    0.271466] pci 0000:00:08.0: [1af4:1005] type 00 class 0x00ff00
May 17 16:24:44 osmanubuntu kernel: [    0.273100] pci 0000:00:08.0: reg 0x10: [io  0x00c0-0x00df]
May 17 16:24:44 osmanubuntu kernel: [    0.273992] pci 0000:00:08.0: reg 0x14: [mem 0x10044000-0x10044fff]
May 17 16:24:44 osmanubuntu kernel: [    0.275401] pci 0000:00:08.0: reg 0x20: [mem 0x8000010000-0x8000013fff 64bit pref]
May 17 16:24:44 osmanubuntu kernel: [    0.278996] pci 0000:00:01.0: BAR 6: assigned [mem 0x10000000-0x1003ffff pref]
May 17 16:24:44 osmanubuntu kernel: [    0.280267] pci 0000:00:01.0: BAR 4: assigned [mem 0x8000000000-0x8000003fff 64bit pref]
May 17 16:24:44 osmanubuntu kernel: [    0.282547] pci 0000:00:02.0: BAR 4: assigned [mem 0x8000004000-0x8000007fff 64bit pref]
May 17 16:24:44 osmanubuntu kernel: [    0.285002] pci 0000:00:03.0: BAR 0: assigned [mem 0x10040000-0x10043fff]
May 17 16:24:44 osmanubuntu kernel: [    0.285687] pci 0000:00:04.0: BAR 0: assigned [mem 0x8000008000-0x800000bfff 64bit]
May 17 16:24:44 osmanubuntu kernel: [    0.286867] pci 0000:00:05.0: BAR 0: assigned [mem 0x800000c000-0x800000ffff 64bit]
May 17 16:24:44 osmanubuntu kernel: [    0.288700] pci 0000:00:06.0: BAR 4: assigned [mem 0x8000010000-0x8000013fff 64bit pref]
May 17 16:24:44 osmanubuntu kernel: [    0.290275] pci 0000:00:07.0: BAR 4: assigned [mem 0x8000014000-0x8000017fff 64bit pref]
May 17 16:24:44 osmanubuntu kernel: [    0.292263] pci 0000:00:08.0: BAR 4: assigned [mem 0x8000018000-0x800001bfff 64bit pref]
May 17 16:24:44 osmanubuntu kernel: [    0.295545] pci 0000:00:01.0: BAR 1: assigned [mem 0x10044000-0x10044fff]
May 17 16:24:44 osmanubuntu kernel: [    0.296435] pci 0000:00:02.0: BAR 1: assigned [mem 0x10045000-0x10045fff]
May 17 16:24:44 osmanubuntu kernel: [    0.297158] pci 0000:00:06.0: BAR 1: assigned [mem 0x10046000-0x10046fff]
May 17 16:24:44 osmanubuntu kernel: [    0.297949] pci 0000:00:07.0: BAR 1: assigned [mem 0x10047000-0x10047fff]
May 17 16:24:44 osmanubuntu kernel: [    0.298835] pci 0000:00:08.0: BAR 1: assigned [mem 0x10048000-0x10048fff]
May 17 16:24:44 osmanubuntu kernel: [    0.301223] pci 0000:00:06.0: BAR 0: assigned [io  0x1000-0x107f]
May 17 16:24:44 osmanubuntu kernel: [    0.303409] pci 0000:00:07.0: BAR 0: assigned [io  0x1080-0x10bf]
May 17 16:24:44 osmanubuntu kernel: [    0.304887] pci 0000:00:01.0: BAR 0: assigned [io  0x10c0-0x10df]
May 17 16:24:44 osmanubuntu kernel: [    0.306585] pci 0000:00:08.0: BAR 0: assigned [io  0x10e0-0x10ff]
May 17 16:24:44 osmanubuntu kernel: [    0.307913] pci_bus 0000:00: resource 4 [mem 0x10000000-0x3efeffff window]
May 17 16:24:44 osmanubuntu kernel: [    0.308901] pci_bus 0000:00: resource 5 [io  0x0000-0xffff window]
May 17 16:24:44 osmanubuntu kernel: [    0.309646] pci_bus 0000:00: resource 6 [mem 0x8000000000-0xffffffffff window]
May 17 16:24:44 osmanubuntu kernel: [    0.311593] iommu: Default domain type: Translated 
May 17 16:24:44 osmanubuntu kernel: [    0.311963] iommu: DMA domain TLB invalidation policy: strict mode 
May 17 16:24:44 osmanubuntu kernel: [    0.312697] SCSI subsystem initialized
May 17 16:24:44 osmanubuntu kernel: [    0.313269] libata version 3.00 loaded.
May 17 16:24:44 osmanubuntu kernel: [    0.313342] vgaarb: loaded
May 17 16:24:44 osmanubuntu kernel: [    0.313952] ACPI: bus type USB registered
May 17 16:24:44 osmanubuntu kernel: [    0.315071] usbcore: registered new interface driver usbfs
May 17 16:24:44 osmanubuntu kernel: [    0.316673] usbcore: registered new interface driver hub
May 17 16:24:44 osmanubuntu kernel: [    0.318051] usbcore: registered new device driver usb
May 17 16:24:44 osmanubuntu kernel: [    0.319001] pps_core: LinuxPPS API ver. 1 registered
May 17 16:24:44 osmanubuntu kernel: [    0.320117] pps_core: Software ver. 5.3.6 - Copyright 2005-2007 Rodolfo Giometti <giometti@linux.it>
May 17 16:24:44 osmanubuntu kernel: [    0.322042] PTP clock support registered
May 17 16:24:44 osmanubuntu kernel: [    0.323151] EDAC MC: Ver: 3.0.0
May 17 16:24:44 osmanubuntu kernel: [    0.323802] Registered efivars operations
May 17 16:24:44 osmanubuntu kernel: [    0.325584] NetLabel: Initializing
May 17 16:24:44 osmanubuntu kernel: [    0.326122] NetLabel:  domain hash size = 128
May 17 16:24:44 osmanubuntu kernel: [    0.326774] NetLabel:  protocols = UNLABELED CIPSOv4 CALIPSO
May 17 16:24:44 osmanubuntu kernel: [    0.327669] NetLabel:  unlabeled traffic allowed by default
May 17 16:24:44 osmanubuntu kernel: [    0.329344] clocksource: Switched to clocksource arch_sys_counter
May 17 16:24:44 osmanubuntu kernel: [    0.334230] VFS: Disk quotas dquot_6.6.0
May 17 16:24:44 osmanubuntu kernel: [    0.334670] VFS: Dquot-cache hash table entries: 512 (order 0, 4096 bytes)
May 17 16:24:44 osmanubuntu kernel: [    0.335327] AppArmor: AppArmor Filesystem Enabled
May 17 16:24:44 osmanubuntu kernel: [    0.335974] pnp: PnP ACPI init
May 17 16:24:44 osmanubuntu kernel: [    0.336923] system 00:00: [mem 0x4010000000-0x401fffffff window] could not be reserved
May 17 16:24:44 osmanubuntu kernel: [    0.338486] pnp: PnP ACPI: found 1 devices
May 17 16:24:44 osmanubuntu kernel: [    0.346397] NET: Registered PF_INET protocol family
May 17 16:24:44 osmanubuntu kernel: [    0.347266] IP idents hash table entries: 131072 (order: 8, 1048576 bytes, linear)
May 17 16:24:44 osmanubuntu kernel: [    0.349155] tcp_listen_portaddr_hash hash table entries: 4096 (order: 4, 65536 bytes, linear)
May 17 16:24:44 osmanubuntu kernel: [    0.350518] Table-perturb hash table entries: 65536 (order: 6, 262144 bytes, linear)
May 17 16:24:44 osmanubuntu kernel: [    0.352278] TCP established hash table entries: 65536 (order: 7, 524288 bytes, linear)
May 17 16:24:44 osmanubuntu kernel: [    0.353672] TCP bind hash table entries: 65536 (order: 8, 1048576 bytes, linear)
May 17 16:24:44 osmanubuntu kernel: [    0.354825] TCP: Hash tables configured (established 65536 bind 65536)
May 17 16:24:44 osmanubuntu kernel: [    0.355875] MPTCP token hash table entries: 8192 (order: 6, 196608 bytes, linear)
May 17 16:24:44 osmanubuntu kernel: [    0.357329] UDP hash table entries: 4096 (order: 5, 131072 bytes, linear)
May 17 16:24:44 osmanubuntu kernel: [    0.358715] UDP-Lite hash table entries: 4096 (order: 5, 131072 bytes, linear)
May 17 16:24:44 osmanubuntu kernel: [    0.360007] NET: Registered PF_UNIX/PF_LOCAL protocol family
May 17 16:24:44 osmanubuntu kernel: [    0.360980] NET: Registered PF_XDP protocol family
May 17 16:24:44 osmanubuntu kernel: [    0.361984] pci 0000:00:04.0: enabling device (0000 -> 0002)
May 17 16:24:44 osmanubuntu kernel: [    0.362891] pci 0000:00:05.0: enabling device (0000 -> 0002)
May 17 16:24:44 osmanubuntu kernel: [    0.363702] PCI: CLS 0 bytes, default 64
May 17 16:24:44 osmanubuntu kernel: [    0.363840] Trying to unpack rootfs image as initramfs...
May 17 16:24:44 osmanubuntu kernel: [    0.369606] kvm [1]: HYP mode not available
May 17 16:24:44 osmanubuntu kernel: [    0.370273] Initialise system trusted keyrings
May 17 16:24:44 osmanubuntu kernel: [    0.371071] Key type blacklist registered
May 17 16:24:44 osmanubuntu kernel: [    0.371940] workingset: timestamp_bits=40 max_order=21 bucket_order=0
May 17 16:24:44 osmanubuntu kernel: [    0.372628] zbud: loaded
May 17 16:24:44 osmanubuntu kernel: [    0.372945] squashfs: version 4.0 (2009/01/31) Phillip Lougher
May 17 16:24:44 osmanubuntu kernel: [    0.373673] fuse: init (API version 7.34)
May 17 16:24:44 osmanubuntu kernel: [    0.374657] integrity: Platform Keyring initialized
May 17 16:24:44 osmanubuntu kernel: [    0.380181] Key type asymmetric registered
May 17 16:24:44 osmanubuntu kernel: [    0.380755] Asymmetric key parser 'x509' registered
May 17 16:24:44 osmanubuntu kernel: [    0.381596] Block layer SCSI generic (bsg) driver version 0.4 loaded (major 242)
May 17 16:24:44 osmanubuntu kernel: [    0.382681] io scheduler mq-deadline registered
May 17 16:24:44 osmanubuntu kernel: [    0.383935] shpchp: Standard Hot Plug PCI Controller Driver version: 0.4
May 17 16:24:44 osmanubuntu kernel: [    0.385206] input: Power Button as /devices/LNXSYSTM:00/LNXSYBUS:00/PNP0C0C:00/input/input0
May 17 16:24:44 osmanubuntu kernel: [    0.386326] ACPI: button: Power Button [PWRB]
May 17 16:24:44 osmanubuntu kernel: [    0.388414] ACPI: \_SB_.L001: Enabled at IRQ 36
May 17 16:24:44 osmanubuntu kernel: [    0.388715] virtio-pci 0000:00:01.0: enabling device (0000 -> 0003)
May 17 16:24:44 osmanubuntu kernel: [    0.390306] ACPI: \_SB_.L002: Enabled at IRQ 37
May 17 16:24:44 osmanubuntu kernel: [    0.393293] virtio-pci 0000:00:06.0: enabling device (0005 -> 0007)
May 17 16:24:44 osmanubuntu kernel: [    0.395006] ACPI: \_SB_.L003: Enabled at IRQ 38
May 17 16:24:44 osmanubuntu kernel: [    0.395632] virtio-pci 0000:00:07.0: enabling device (0000 -> 0003)
May 17 16:24:44 osmanubuntu kernel: [    0.396182] ACPI: \_SB_.L000: Enabled at IRQ 35
May 17 16:24:44 osmanubuntu kernel: [    0.396276] virtio-pci 0000:00:08.0: enabling device (0005 -> 0007)
May 17 16:24:44 osmanubuntu kernel: [    0.396808] Serial: 8250/16550 driver, 32 ports, IRQ sharing enabled
May 17 16:24:44 osmanubuntu kernel: [    0.399113] SuperH (H)SCI(F) driver initialized
May 17 16:24:44 osmanubuntu kernel: [    0.399377] msm_serial: driver initialized
May 17 16:24:44 osmanubuntu kernel: [    0.408066] loop: module loaded
May 17 16:24:44 osmanubuntu kernel: [    0.408512] SPI driver altr_a10sr has no spi_device_id for altr,a10sr
May 17 16:24:44 osmanubuntu kernel: [    0.409793] tun: Universal TUN/TAP device driver, 1.6
May 17 16:24:44 osmanubuntu kernel: [    0.410138] PPP generic driver version 2.4.2
May 17 16:24:44 osmanubuntu kernel: [    0.410395] ehci_hcd: USB 2.0 'Enhanced' Host Controller (EHCI) Driver
May 17 16:24:44 osmanubuntu kernel: [    0.410845] ehci-pci: EHCI PCI platform driver
May 17 16:24:44 osmanubuntu kernel: [    0.411096] ehci-orion: EHCI orion driver
May 17 16:24:44 osmanubuntu kernel: [    0.411436] ohci_hcd: USB 1.1 'Open' Host Controller (OHCI) Driver
May 17 16:24:44 osmanubuntu kernel: [    0.411791] ohci-pci: OHCI PCI platform driver
May 17 16:24:44 osmanubuntu kernel: [    0.412065] uhci_hcd: USB Universal Host Controller Interface driver
May 17 16:24:44 osmanubuntu kernel: [    0.412623] mousedev: PS/2 mouse device common for all mice
May 17 16:24:44 osmanubuntu kernel: [    0.413975] rtc-efi rtc-efi.0: registered as rtc0
May 17 16:24:44 osmanubuntu kernel: [    0.414333] rtc-efi rtc-efi.0: setting system clock to 2026-05-17T16:24:39 UTC (1779035079)
May 17 16:24:44 osmanubuntu kernel: [    0.414873] i2c_dev: i2c /dev entries driver
May 17 16:24:44 osmanubuntu kernel: [    0.415148] device-mapper: core: CONFIG_IMA_DISABLE_HTABLE is disabled. Duplicate IMA measurements will not be recorded in the IMA log.
May 17 16:24:44 osmanubuntu kernel: [    0.415780] device-mapper: uevent: version 1.0.3
May 17 16:24:44 osmanubuntu kernel: [    0.416145] device-mapper: ioctl: 4.45.0-ioctl (2021-03-22) initialised: dm-devel@redhat.com
May 17 16:24:44 osmanubuntu kernel: [    0.417611] ledtrig-cpu: registered to indicate activity on CPUs
May 17 16:24:44 osmanubuntu kernel: [    0.418103] drop_monitor: Initializing network drop monitor service
May 17 16:24:44 osmanubuntu kernel: [    0.418482] NET: Registered PF_INET6 protocol family
May 17 16:24:44 osmanubuntu kernel: [    0.649733] Freeing initrd memory: 103820K
May 17 16:24:44 osmanubuntu kernel: [    0.653533] Segment Routing with IPv6
May 17 16:24:44 osmanubuntu kernel: [    0.653706] In-situ OAM (IOAM) with IPv6
May 17 16:24:44 osmanubuntu kernel: [    0.653905] NET: Registered PF_PACKET protocol family
May 17 16:24:44 osmanubuntu kernel: [    0.654234] Key type dns_resolver registered
May 17 16:24:44 osmanubuntu kernel: [    0.654543] registered taskstats version 1
May 17 16:24:44 osmanubuntu kernel: [    0.655048] Loading compiled-in X.509 certificates
May 17 16:24:44 osmanubuntu kernel: [    0.655828] Loaded X.509 cert 'Build time autogenerated kernel key: ff18566744b262d4d040947ec559aee7439f707c'
May 17 16:24:44 osmanubuntu kernel: [    0.657179] Loaded X.509 cert 'Canonical Ltd. Live Patch Signing 2025 Kmod: d541cef61dc7e793b7eb7e899970a2eef0b5dc8c'
May 17 16:24:44 osmanubuntu kernel: [    0.658301] Loaded X.509 cert 'Canonical Ltd. Live Patch Signing: 14df34d1a87cf37625abec039ef2bf521249b969'
May 17 16:24:44 osmanubuntu kernel: [    0.658924] Loaded X.509 cert 'Canonical Ltd. Kernel Module Signing 2025 Kmod: 4627603d2357a2a3f81006370894c221175893e9'
May 17 16:24:44 osmanubuntu kernel: [    0.659628] Loaded X.509 cert 'Canonical Ltd. Kernel Module Signing: 88f752e560a1e0737e31163a466ad7b70a850c19'
May 17 16:24:44 osmanubuntu kernel: [    0.660232] blacklist: Loading compiled-in revocation X.509 certificates
May 17 16:24:44 osmanubuntu kernel: [    0.660537] Loaded X.509 cert 'Canonical Ltd. Secure Boot Signing: 61482aa2830d0ab2ad5af10b7250da9033ddcef0'
May 17 16:24:44 osmanubuntu kernel: [    0.660994] Loaded X.509 cert 'Canonical Ltd. Secure Boot Signing (2017): 242ade75ac4a15e50d50c84b0d45ff3eae707a03'
May 17 16:24:44 osmanubuntu kernel: [    0.661484] Loaded X.509 cert 'Canonical Ltd. Secure Boot Signing (ESM 2018): 365188c1d374d6b07c3c8f240f8ef722433d6a8b'
May 17 16:24:44 osmanubuntu kernel: [    0.661965] Loaded X.509 cert 'Canonical Ltd. Secure Boot Signing (2019): c0746fd6c5da3ae827864651ad66ae47fe24b3e8'
May 17 16:24:44 osmanubuntu kernel: [    0.662487] Loaded X.509 cert 'Canonical Ltd. Secure Boot Signing (2021 v1): a8d54bbb3825cfb94fa13c9f8a594a195c107b8d'
May 17 16:24:44 osmanubuntu kernel: [    0.662961] Loaded X.509 cert 'Canonical Ltd. Secure Boot Signing (2021 v2): 4cf046892d6fd3c9a5b03f98d845f90851dc6a8c'
May 17 16:24:44 osmanubuntu kernel: [    0.663435] Loaded X.509 cert 'Canonical Ltd. Secure Boot Signing (2021 v3): 100437bb6de6e469b581e61cd66bce3ef4ed53af'
May 17 16:24:44 osmanubuntu kernel: [    0.663973] Loaded X.509 cert 'Canonical Ltd. Secure Boot Signing (Ubuntu Core 2019): c1d57b8f6b743f23ee41f4f7ee292f06eecadfb9'
May 17 16:24:44 osmanubuntu kernel: [    0.664926] zswap: loaded using pool lzo/zbud
May 17 16:24:44 osmanubuntu kernel: [    0.665961] Key type .fscrypt registered
May 17 16:24:44 osmanubuntu kernel: [    0.666656] Key type fscrypt-provisioning registered
May 17 16:24:44 osmanubuntu kernel: [    0.676605] cryptd: max_cpu_qlen set to 1000
May 17 16:24:44 osmanubuntu kernel: [    0.686781] Key type encrypted registered
May 17 16:24:44 osmanubuntu kernel: [    0.686969] AppArmor: AppArmor sha1 policy hashing enabled
May 17 16:24:44 osmanubuntu kernel: [    0.687337] integrity: Loading X.509 certificate: UEFI:MokListRT (MOKvar table)
May 17 16:24:44 osmanubuntu kernel: [    0.688775] integrity: Loaded X.509 cert 'Canonical Ltd. Master Certificate Authority: ad91990bc22ab1f517048c23b6655a268e345a63'
May 17 16:24:44 osmanubuntu kernel: [    0.689765] ima: No TPM chip found, activating TPM-bypass!
May 17 16:24:44 osmanubuntu kernel: [    0.690007] Loading compiled-in module X.509 certificates
May 17 16:24:44 osmanubuntu kernel: [    0.690423] Loaded X.509 cert 'Build time autogenerated kernel key: ff18566744b262d4d040947ec559aee7439f707c'
May 17 16:24:44 osmanubuntu kernel: [    0.690858] ima: Allocated hash algorithm: sha1
May 17 16:24:44 osmanubuntu kernel: [    0.691059] ima: No architecture policies found
May 17 16:24:44 osmanubuntu kernel: [    0.691264] evm: Initialising EVM extended attributes:
May 17 16:24:44 osmanubuntu kernel: [    0.691493] evm: security.selinux
May 17 16:24:44 osmanubuntu kernel: [    0.691644] evm: security.SMACK64
May 17 16:24:44 osmanubuntu kernel: [    0.691793] evm: security.SMACK64EXEC
May 17 16:24:44 osmanubuntu kernel: [    0.691954] evm: security.SMACK64TRANSMUTE
May 17 16:24:44 osmanubuntu kernel: [    0.692137] evm: security.SMACK64MMAP
May 17 16:24:44 osmanubuntu kernel: [    0.692304] evm: security.apparmor
May 17 16:24:44 osmanubuntu kernel: [    0.692455] evm: security.ima
May 17 16:24:44 osmanubuntu kernel: [    0.692586] evm: security.capability
May 17 16:24:44 osmanubuntu kernel: [    0.692745] evm: HMAC attrs: 0x1
May 17 16:24:44 osmanubuntu kernel: [    0.693297] clk: Disabling unused clocks
May 17 16:24:44 osmanubuntu kernel: [    0.694939] Freeing unused kernel memory: 9664K
May 17 16:24:44 osmanubuntu kernel: [    0.701173] Checked W+X mappings: passed, no W+X pages found
May 17 16:24:44 osmanubuntu kernel: [    0.701527] Run /init as init process
May 17 16:24:44 osmanubuntu kernel: [    0.701849]   with arguments:
May 17 16:24:44 osmanubuntu kernel: [    0.701850]     /init
May 17 16:24:44 osmanubuntu kernel: [    0.701850]   with environment:
May 17 16:24:44 osmanubuntu kernel: [    0.701851]     HOME=/
May 17 16:24:44 osmanubuntu kernel: [    0.701851]     TERM=linux
May 17 16:24:44 osmanubuntu kernel: [    0.766301] xhci_hcd 0000:00:04.0: xHCI Host Controller
May 17 16:24:44 osmanubuntu kernel: [    0.767194] xhci_hcd 0000:00:04.0: new USB bus registered, assigned bus number 1
May 17 16:24:44 osmanubuntu kernel: [    0.767440] xhci_hcd 0000:00:04.0: hcc params 0x00087001 hci version 0x100 quirks 0x0000000000000014
May 17 16:24:44 osmanubuntu kernel: [    0.769001] xhci_hcd 0000:00:04.0: xHCI Host Controller
May 17 16:24:44 osmanubuntu kernel: [    0.769170] xhci_hcd 0000:00:04.0: new USB bus registered, assigned bus number 2
May 17 16:24:44 osmanubuntu kernel: [    0.769426] xhci_hcd 0000:00:04.0: Host supports USB 3.0 SuperSpeed
May 17 16:24:44 osmanubuntu kernel: [    0.769574] usb usb1: New USB device found, idVendor=1d6b, idProduct=0002, bcdDevice= 5.15
May 17 16:24:44 osmanubuntu kernel: [    0.769779] usb usb1: New USB device strings: Mfr=3, Product=2, SerialNumber=1
May 17 16:24:44 osmanubuntu kernel: [    0.769971] usb usb1: Product: xHCI Host Controller
May 17 16:24:44 osmanubuntu kernel: [    0.770071] usb usb1: Manufacturer: Linux 5.15.0-179-generic xhci-hcd
May 17 16:24:44 osmanubuntu kernel: [    0.770217] usb usb1: SerialNumber: 0000:00:04.0
May 17 16:24:44 osmanubuntu kernel: [    0.770347] hub 1-0:1.0: USB hub found
May 17 16:24:44 osmanubuntu kernel: [    0.770427] hub 1-0:1.0: 4 ports detected
May 17 16:24:44 osmanubuntu kernel: [    0.770555] usb usb2: We don't know the algorithms for LPM for this host, disabling LPM.
May 17 16:24:44 osmanubuntu kernel: [    0.770718] usb usb2: New USB device found, idVendor=1d6b, idProduct=0003, bcdDevice= 5.15
May 17 16:24:44 osmanubuntu kernel: [    0.770943] usb usb2: New USB device strings: Mfr=3, Product=2, SerialNumber=1
May 17 16:24:44 osmanubuntu kernel: [    0.771144] usb usb2: Product: xHCI Host Controller
May 17 16:24:44 osmanubuntu kernel: [    0.771246] usb usb2: Manufacturer: Linux 5.15.0-179-generic xhci-hcd
May 17 16:24:44 osmanubuntu kernel: [    0.771379] usb usb2: SerialNumber: 0000:00:04.0
May 17 16:24:44 osmanubuntu kernel: [    0.771715] hub 2-0:1.0: USB hub found
May 17 16:24:44 osmanubuntu kernel: [    0.771924] hub 2-0:1.0: 4 ports detected
May 17 16:24:44 osmanubuntu kernel: [    0.772731] xhci_hcd 0000:00:05.0: xHCI Host Controller
May 17 16:24:44 osmanubuntu kernel: [    0.772962] xhci_hcd 0000:00:05.0: new USB bus registered, assigned bus number 3
May 17 16:24:44 osmanubuntu kernel: [    0.773264] virtio_blk virtio2: [vda] 83886080 512-byte logical blocks (42.9 GB/40.0 GiB)
May 17 16:24:44 osmanubuntu kernel: [    0.774038] xhci_hcd 0000:00:05.0: hcc params 0x00087001 hci version 0x100 quirks 0x0000000000000010
May 17 16:24:44 osmanubuntu kernel: [    0.775661] xhci_hcd 0000:00:05.0: xHCI Host Controller
May 17 16:24:44 osmanubuntu kernel: [    0.775779] xhci_hcd 0000:00:05.0: new USB bus registered, assigned bus number 4
May 17 16:24:44 osmanubuntu kernel: [    0.776032] xhci_hcd 0000:00:05.0: Host supports USB 3.0 SuperSpeed
May 17 16:24:44 osmanubuntu kernel: [    0.777390] usb usb3: New USB device found, idVendor=1d6b, idProduct=0002, bcdDevice= 5.15
May 17 16:24:44 osmanubuntu kernel: [    0.777498] [drm] pci: virtio-gpu-pci detected at 0000:00:02.0
May 17 16:24:44 osmanubuntu kernel: [    0.777776] usb usb3: New USB device strings: Mfr=3, Product=2, SerialNumber=1
May 17 16:24:44 osmanubuntu kernel: [    0.777977] [drm] features: +virgl +edid -resource_blob -host_visible
May 17 16:24:44 osmanubuntu kernel: [    0.778179] usb usb3: Product: xHCI Host Controller
May 17 16:24:44 osmanubuntu kernel: [    0.778461]  vda: vda1 vda2 vda3
May 17 16:24:44 osmanubuntu kernel: [    0.778603] [drm] number of scanouts: 1
May 17 16:24:44 osmanubuntu kernel: [    0.778605] [drm] number of cap sets: 2
May 17 16:24:44 osmanubuntu kernel: [    0.778613] usb usb3: Manufacturer: Linux 5.15.0-179-generic xhci-hcd
May 17 16:24:44 osmanubuntu kernel: [    0.778889] [drm] cap set 0: id 1, max-version 1, max-size 308
May 17 16:24:44 osmanubuntu kernel: [    0.778944] [drm] cap set 1: id 2, max-version 2, max-size 1376
May 17 16:24:44 osmanubuntu kernel: [    0.779084] [drm] Initialized virtio_gpu 0.1.0 0 for virtio1 on minor 0
May 17 16:24:44 osmanubuntu kernel: [    0.779102] usb usb3: SerialNumber: 0000:00:05.0
May 17 16:24:44 osmanubuntu kernel: [    0.781667] fbcon: Deferring console take-over
May 17 16:24:44 osmanubuntu kernel: [    0.781769] virtio_gpu virtio1: [drm] fb0: virtio_gpudrmfb frame buffer device
May 17 16:24:44 osmanubuntu kernel: [    0.781984] hub 3-0:1.0: USB hub found
May 17 16:24:44 osmanubuntu kernel: [    0.782066] hub 3-0:1.0: 4 ports detected
May 17 16:24:44 osmanubuntu kernel: [    0.782285] usb usb4: We don't know the algorithms for LPM for this host, disabling LPM.
May 17 16:24:44 osmanubuntu kernel: [    0.782525] usb usb4: New USB device found, idVendor=1d6b, idProduct=0003, bcdDevice= 5.15
May 17 16:24:44 osmanubuntu kernel: [    0.782692] usb usb4: New USB device strings: Mfr=3, Product=2, SerialNumber=1
May 17 16:24:44 osmanubuntu kernel: [    0.782908] usb usb4: Product: xHCI Host Controller
May 17 16:24:44 osmanubuntu kernel: [    0.783032] usb usb4: Manufacturer: Linux 5.15.0-179-generic xhci-hcd
May 17 16:24:44 osmanubuntu kernel: [    0.783167] usb usb4: SerialNumber: 0000:00:05.0
May 17 16:24:44 osmanubuntu kernel: [    0.783323] hub 4-0:1.0: USB hub found
May 17 16:24:44 osmanubuntu kernel: [    0.783451] hub 4-0:1.0: 4 ports detected
May 17 16:24:44 osmanubuntu kernel: [    0.791923] virtio_net virtio0 enp0s1: renamed from eth0
May 17 16:24:44 osmanubuntu kernel: [    1.090090] raid6: neonx8   gen() 45022 MB/s
May 17 16:24:44 osmanubuntu kernel: [    1.110111] usb 1-1: new high-speed USB device number 2 using xhci_hcd
May 17 16:24:44 osmanubuntu kernel: [    1.158111] raid6: neonx8   xor() 38893 MB/s
May 17 16:24:44 osmanubuntu kernel: [    1.226105] raid6: neonx4   gen() 45917 MB/s
May 17 16:24:44 osmanubuntu kernel: [    1.258292] usb 1-1: New USB device found, idVendor=0627, idProduct=0001, bcdDevice= 0.00
May 17 16:24:44 osmanubuntu kernel: [    1.258459] usb 1-1: New USB device strings: Mfr=1, Product=3, SerialNumber=10
May 17 16:24:44 osmanubuntu kernel: [    1.258605] usb 1-1: Product: QEMU USB Tablet
May 17 16:24:44 osmanubuntu kernel: [    1.258693] usb 1-1: Manufacturer: QEMU
May 17 16:24:44 osmanubuntu kernel: [    1.258771] usb 1-1: SerialNumber: 28754-0000:00:04.0-1
May 17 16:24:44 osmanubuntu kernel: [    1.294116] raid6: neonx4   xor() 39721 MB/s
May 17 16:24:44 osmanubuntu kernel: [    1.362105] raid6: neonx2   gen() 46693 MB/s
May 17 16:24:44 osmanubuntu kernel: [    1.386113] usb 1-2: new high-speed USB device number 3 using xhci_hcd
May 17 16:24:44 osmanubuntu kernel: [    1.430094] raid6: neonx2   xor() 39433 MB/s
May 17 16:24:44 osmanubuntu kernel: [    1.498103] raid6: neonx1   gen() 45694 MB/s
May 17 16:24:44 osmanubuntu kernel: [    1.534270] usb 1-2: New USB device found, idVendor=0627, idProduct=0001, bcdDevice= 0.00
May 17 16:24:44 osmanubuntu kernel: [    1.534437] usb 1-2: New USB device strings: Mfr=1, Product=2, SerialNumber=9
May 17 16:24:44 osmanubuntu kernel: [    1.534582] usb 1-2: Product: QEMU USB Mouse
May 17 16:24:44 osmanubuntu kernel: [    1.534668] usb 1-2: Manufacturer: QEMU
May 17 16:24:44 osmanubuntu kernel: [    1.534746] usb 1-2: SerialNumber: 89126-0000:00:04.0-2
May 17 16:24:44 osmanubuntu kernel: [    1.566113] raid6: neonx1   xor() 29416 MB/s
May 17 16:24:44 osmanubuntu kernel: [    1.634099] raid6: int64x8  gen() 22437 MB/s
May 17 16:24:44 osmanubuntu kernel: [    1.662157] usb 1-3: new high-speed USB device number 4 using xhci_hcd
May 17 16:24:44 osmanubuntu kernel: [    1.702144] raid6: int64x8  xor() 12013 MB/s
May 17 16:24:44 osmanubuntu kernel: [    1.770132] raid6: int64x4  gen() 21119 MB/s
May 17 16:24:44 osmanubuntu kernel: [    1.810844] usb 1-3: New USB device found, idVendor=0627, idProduct=0001, bcdDevice= 0.00
May 17 16:24:44 osmanubuntu kernel: [    1.812236] usb 1-3: New USB device strings: Mfr=1, Product=4, SerialNumber=11
May 17 16:24:44 osmanubuntu kernel: [    1.813011] usb 1-3: Product: QEMU USB Keyboard
May 17 16:24:44 osmanubuntu kernel: [    1.813469] usb 1-3: Manufacturer: QEMU
May 17 16:24:44 osmanubuntu kernel: [    1.813689] usb 1-3: SerialNumber: 68284-0000:00:04.0-3
May 17 16:24:44 osmanubuntu kernel: [    1.838134] raid6: int64x4  xor() 11588 MB/s
May 17 16:24:44 osmanubuntu kernel: [    1.906079] raid6: int64x2  gen() 18480 MB/s
May 17 16:24:44 osmanubuntu kernel: [    1.942115] usb 1-4: new full-speed USB device number 5 using xhci_hcd
May 17 16:24:44 osmanubuntu kernel: [    1.974110] raid6: int64x2  xor()  9997 MB/s
May 17 16:24:44 osmanubuntu kernel: [    2.042124] raid6: int64x1  gen() 16181 MB/s
May 17 16:24:44 osmanubuntu kernel: [    2.090691] usb 1-4: New USB device found, idVendor=0409, idProduct=55aa, bcdDevice= 1.01
May 17 16:24:44 osmanubuntu kernel: [    2.091378] usb 1-4: New USB device strings: Mfr=1, Product=2, SerialNumber=3
May 17 16:24:44 osmanubuntu kernel: [    2.091995] usb 1-4: Product: QEMU USB Hub
May 17 16:24:44 osmanubuntu kernel: [    2.092283] usb 1-4: Manufacturer: QEMU
May 17 16:24:44 osmanubuntu kernel: [    2.092576] usb 1-4: SerialNumber: 314159-0000:00:04.0-4
May 17 16:24:44 osmanubuntu kernel: [    2.093656] hub 1-4:1.0: USB hub found
May 17 16:24:44 osmanubuntu kernel: [    2.094413] hub 1-4:1.0: 8 ports detected
May 17 16:24:44 osmanubuntu kernel: [    2.098007] hid: raw HID events driver (C) Jiri Kosina
May 17 16:24:44 osmanubuntu kernel: [    2.100675] usbcore: registered new interface driver usbhid
May 17 16:24:44 osmanubuntu kernel: [    2.101711] usbhid: USB HID core driver
May 17 16:24:44 osmanubuntu kernel: [    2.103096] input: QEMU QEMU USB Tablet as /devices/pci0000:00/0000:00:04.0/usb1/1-1/1-1:1.0/0003:0627:0001.0001/input/input1
May 17 16:24:44 osmanubuntu kernel: [    2.105114] hid-generic 0003:0627:0001.0001: input,hidraw0: USB HID v0.01 Mouse [QEMU QEMU USB Tablet] on usb-0000:00:04.0-1/input0
May 17 16:24:44 osmanubuntu kernel: [    2.106532] input: QEMU QEMU USB Mouse as /devices/pci0000:00/0000:00:04.0/usb1/1-2/1-2:1.0/0003:0627:0001.0002/input/input2
May 17 16:24:44 osmanubuntu kernel: [    2.107912] hid-generic 0003:0627:0001.0002: input,hidraw1: USB HID v0.01 Mouse [QEMU QEMU USB Mouse] on usb-0000:00:04.0-2/input0
May 17 16:24:44 osmanubuntu kernel: [    2.109761] raid6: int64x1  xor()  8705 MB/s
May 17 16:24:44 osmanubuntu kernel: [    2.109762] raid6: using algorithm neonx2 gen() 46693 MB/s
May 17 16:24:44 osmanubuntu kernel: [    2.109762] raid6: .... xor() 39433 MB/s, rmw enabled
May 17 16:24:44 osmanubuntu kernel: [    2.109763] raid6: using neon recovery algorithm
May 17 16:24:44 osmanubuntu kernel: [    2.111206] xor: measuring software checksum speed
May 17 16:24:44 osmanubuntu kernel: [    2.111879] input: QEMU QEMU USB Keyboard as /devices/pci0000:00/0000:00:04.0/usb1/1-3/1-3:1.0/0003:0627:0001.0003/input/input3
May 17 16:24:44 osmanubuntu kernel: [    2.112248]    8regs           : 45331 MB/sec
May 17 16:24:44 osmanubuntu kernel: [    2.114778]    32regs          : 65129 MB/sec
May 17 16:24:44 osmanubuntu kernel: [    2.115500]    arm64_neon      : 69131 MB/sec
May 17 16:24:44 osmanubuntu kernel: [    2.116178] xor: using function: arm64_neon (69131 MB/sec)
May 17 16:24:44 osmanubuntu kernel: [    2.117512] async_tx: api initialized (async)
May 17 16:24:44 osmanubuntu kernel: [    2.170445] hid-generic 0003:0627:0001.0003: input,hidraw2: USB HID v1.11 Keyboard [QEMU QEMU USB Keyboard] on usb-0000:00:04.0-3/input0
May 17 16:24:44 osmanubuntu kernel: [    2.194172] Btrfs loaded, crc32c=crc32c-generic, zoned=yes, fsverity=yes
May 17 16:24:44 osmanubuntu kernel: [    2.345218] EXT4-fs (dm-0): mounted filesystem with ordered data mode. Opts: (null). Quota mode: none.
May 17 16:24:44 osmanubuntu kernel: [    2.389976] usb 1-4.1: new full-speed USB device number 6 using xhci_hcd
May 17 16:24:44 osmanubuntu kernel: [    2.490020] usb 1-4.1: not running at top speed; connect to a high speed hub
May 17 16:24:44 osmanubuntu kernel: [    2.491163] usb 1-4.1: New USB device found, idVendor=46f4, idProduct=0001, bcdDevice= 0.00
May 17 16:24:44 osmanubuntu kernel: [    2.492218] usb 1-4.1: New USB device strings: Mfr=1, Product=2, SerialNumber=3
May 17 16:24:44 osmanubuntu kernel: [    2.493445] usb 1-4.1: Product: QEMU USB HARDDRIVE
May 17 16:24:44 osmanubuntu kernel: [    2.493737] usb 1-4.1: Manufacturer: QEMU
May 17 16:24:44 osmanubuntu kernel: [    2.493934] usb 1-4.1: SerialNumber: 1-0000:00:04.0-4.1
May 17 16:24:44 osmanubuntu kernel: [    2.596968] pstore: Using crash dump compression: deflate
May 17 16:24:44 osmanubuntu kernel: [    2.600786] pstore: Registered efi as persistent store backend
May 17 16:24:44 osmanubuntu kernel: [    2.605859] EXT4-fs (dm-0): re-mounted. Opts: (null). Quota mode: none.
May 17 16:24:44 osmanubuntu kernel: [    2.624392] alua: device handler registered
May 17 16:24:44 osmanubuntu kernel: [    2.627977] emc: device handler registered
May 17 16:24:44 osmanubuntu kernel: [    2.634113] rdac: device handler registered
May 17 16:24:44 osmanubuntu kernel: [    2.660567] loop0: detected capacity change from 0 to 8
May 17 16:24:44 osmanubuntu kernel: [    2.661231] loop1: detected capacity change from 0 to 122368
May 17 16:24:44 osmanubuntu kernel: [    2.663733] loop2: detected capacity change from 0 to 69032
May 17 16:24:44 osmanubuntu kernel: [    2.807858] usb-storage 1-4.1:1.0: USB Mass Storage device detected
May 17 16:24:44 osmanubuntu kernel: [    2.808980] scsi host0: usb-storage 1-4.1:1.0
May 17 16:24:44 osmanubuntu kernel: [    2.809021] usbcore: registered new interface driver usb-storage
May 17 16:24:44 osmanubuntu kernel: [    2.841934] EXT4-fs (vda2): mounted filesystem with ordered data mode. Opts: (null). Quota mode: none.
May 17 16:24:44 osmanubuntu kernel: [    2.847597] usbcore: registered new interface driver uas
May 17 16:24:44 osmanubuntu kernel: [    2.868495] snd_hda_intel 0000:00:03.0: enabling device (0000 -> 0002)
May 17 16:24:44 osmanubuntu kernel: [    2.868609] snd_hda_intel 0000:00:03.0: Force to snoop mode by module option
May 17 16:24:44 osmanubuntu kernel: [    2.875009] audit: type=1400 audit(1779035081.956:2): apparmor="STATUS" operation="profile_load" profile="unconfined" name="lsb_release" pid=597 comm="apparmor_parser"
May 17 16:24:44 osmanubuntu kernel: [    2.878275] audit: type=1400 audit(1779035081.960:3): apparmor="STATUS" operation="profile_load" profile="unconfined" name="nvidia_modprobe" pid=598 comm="apparmor_parser"
May 17 16:24:44 osmanubuntu kernel: [    2.878277] audit: type=1400 audit(1779035081.960:4): apparmor="STATUS" operation="profile_load" profile="unconfined" name="nvidia_modprobe//kmod" pid=598 comm="apparmor_parser"
May 17 16:24:44 osmanubuntu kernel: [    2.883392] audit: type=1400 audit(1779035081.964:5): apparmor="STATUS" operation="profile_load" profile="unconfined" name="ubuntu_pro_apt_news" pid=600 comm="apparmor_parser"
May 17 16:24:44 osmanubuntu kernel: [    2.886567] audit: type=1400 audit(1779035081.968:6): apparmor="STATUS" operation="profile_load" profile="unconfined" name="/usr/bin/man" pid=611 comm="apparmor_parser"
May 17 16:24:44 osmanubuntu kernel: [    2.886569] audit: type=1400 audit(1779035081.968:7): apparmor="STATUS" operation="profile_load" profile="unconfined" name="man_filter" pid=611 comm="apparmor_parser"
May 17 16:24:44 osmanubuntu kernel: [    2.886569] audit: type=1400 audit(1779035081.968:8): apparmor="STATUS" operation="profile_load" profile="unconfined" name="man_groff" pid=611 comm="apparmor_parser"
May 17 16:24:44 osmanubuntu kernel: [    2.887717] audit: type=1400 audit(1779035081.968:9): apparmor="STATUS" operation="profile_load" profile="unconfined" name="/usr/lib/NetworkManager/nm-dhcp-client.action" pid=599 comm="apparmor_parser"
May 17 16:24:44 osmanubuntu kernel: [    2.887718] audit: type=1400 audit(1779035081.968:10): apparmor="STATUS" operation="profile_load" profile="unconfined" name="/usr/lib/NetworkManager/nm-dhcp-helper" pid=599 comm="apparmor_parser"
May 17 16:24:44 osmanubuntu kernel: [    2.912892] snd_hda_codec_generic hdaudioC0D0: autoconfig for Generic: line_outs=1 (0x3/0x0/0x0/0x0/0x0) type:line
May 17 16:24:44 osmanubuntu kernel: [    2.912897] snd_hda_codec_generic hdaudioC0D0:    speaker_outs=0 (0x0/0x0/0x0/0x0/0x0)
May 17 16:24:44 osmanubuntu kernel: [    2.912908] snd_hda_codec_generic hdaudioC0D0:    hp_outs=0 (0x0/0x0/0x0/0x0/0x0)
May 17 16:24:44 osmanubuntu kernel: [    2.912910] snd_hda_codec_generic hdaudioC0D0:    mono: mono_out=0x0
May 17 16:24:44 osmanubuntu kernel: [    2.912911] snd_hda_codec_generic hdaudioC0D0:    inputs:
May 17 16:24:44 osmanubuntu kernel: [    2.912912] snd_hda_codec_generic hdaudioC0D0:      Line=0x5
May 17 16:24:44 osmanubuntu kernel: [    3.828840] scsi 0:0:0:0: CD-ROM            QEMU     QEMU CD-ROM      2.5+ PQ: 0 ANSI: 5
May 17 16:24:44 osmanubuntu kernel: [    3.829734] sr 0:0:0:0: [sr0] scsi3-mmc drive: 16x/50x cd/rw xa/form2 cdda tray
May 17 16:24:44 osmanubuntu kernel: [    3.829739] cdrom: Uniform CD-ROM driver Revision: 3.20
May 17 16:24:44 osmanubuntu kernel: [    3.830591] sr 0:0:0:0: Attached scsi CD-ROM sr0
May 17 16:24:44 osmanubuntu kernel: [    3.830726] sr 0:0:0:0: Attached scsi generic sg0 type 5
May 17 16:24:44 osmanubuntu kernel: [    5.150534] kauditd_printk_skb: 32 callbacks suppressed
May 17 16:24:44 osmanubuntu kernel: [    5.150536] audit: type=1400 audit(1779035084.232:43): apparmor="DENIED" operation="capable" profile="/usr/sbin/cupsd" pid=771 comm="cupsd" capability=12  capname="net_admin"
May 17 16:24:44 osmanubuntu kernel: [    5.184167] audit: type=1400 audit(1779035084.264:44): apparmor="DENIED" operation="capable" profile="/usr/sbin/cups-browsed" pid=807 comm="cups-browsed" capability=23  capname="sys_nice"
May 17 16:24:44 osmanubuntu kernel: [    5.221933] loop3: detected capacity change from 0 to 8
May 17 16:24:44 osmanubuntu kernel: [    5.309683] audit: type=1400 audit(1779035084.392:45): apparmor="STATUS" operation="profile_replace" profile="unconfined" name="/usr/lib/snapd/snap-confine" pid=907 comm="apparmor_parser"
May 17 16:24:44 osmanubuntu kernel: [    5.330666] audit: type=1400 audit(1779035084.412:46): apparmor="STATUS" operation="profile_replace" profile="unconfined" name="/usr/lib/snapd/snap-confine//mount-namespace-capture-helper" pid=907 comm="apparmor_parser"
May 17 16:24:54 osmanubuntu kernel: [   15.372493] virtio_gpu virtio1: [drm] drm_plane_enable_fb_damage_clips() not called
May 17 16:34:13 osmanubuntu kernel: [    0.000000] Booting Linux on physical CPU 0x0000000000 [0x610f0000]
May 17 16:34:13 osmanubuntu kernel: [    0.000000] Linux version 5.15.0-179-generic (buildd@bos03-arm64-021) (gcc (Ubuntu 11.4.0-1ubuntu1~22.04.3) 11.4.0, GNU ld (GNU Binutils for Ubuntu) 2.38) #189-Ubuntu SMP Thu May 7 16:39:18 UTC 2026 (Ubuntu 5.15.0-179.189-generic 5.15.199)
May 17 16:34:13 osmanubuntu kernel: [    0.000000] efi: EFI v2.70 by EDK II
May 17 16:34:13 osmanubuntu kernel: [    0.000000] efi: SMBIOS 3.0=0x23f810000 MEMATTR=0x23e803118 ACPI 2.0=0x23c150018 MOKvar=0x23c060000 RNG=0x23c15e698 MEMRESERVE=0x23c483618 
May 17 16:34:13 osmanubuntu kernel: [    0.000000] random: crng init done
May 17 16:34:13 osmanubuntu kernel: [    0.000000] secureboot: Secure boot disabled
May 17 16:34:13 osmanubuntu kernel: [    0.000000] ACPI: Early table checksum verification disabled
May 17 16:34:13 osmanubuntu kernel: [    0.000000] ACPI: RSDP 0x000000023C150018 000024 (v02 BOCHS )
May 17 16:34:13 osmanubuntu kernel: [    0.000000] ACPI: XSDT 0x000000023C15FE98 00006C (v01 BOCHS  BXPC     00000001      01000013)
May 17 16:34:13 osmanubuntu kernel: [    0.000000] ACPI: FACP 0x000000023C15FA98 000114 (v06 BOCHS  BXPC     00000001 BXPC 00000001)
May 17 16:34:13 osmanubuntu kernel: [    0.000000] ACPI: DSDT 0x000000023C157518 0014A2 (v02 BOCHS  BXPC     00000001 BXPC 00000001)
May 17 16:34:13 osmanubuntu kernel: [    0.000000] ACPI: APIC 0x000000023C15FC18 00019C (v04 BOCHS  BXPC     00000001 BXPC 00000001)
May 17 16:34:13 osmanubuntu kernel: [    0.000000] ACPI: PPTT 0x000000023C15D898 000088 (v02 BOCHS  BXPC     00000001 BXPC 00000001)
May 17 16:34:13 osmanubuntu kernel: [    0.000000] ACPI: GTDT 0x000000023C15E818 000068 (v03 BOCHS  BXPC     00000001 BXPC 00000001)
May 17 16:34:13 osmanubuntu kernel: [    0.000000] ACPI: MCFG 0x000000023C15E918 00003C (v01 BOCHS  BXPC     00000001 BXPC 00000001)
May 17 16:34:13 osmanubuntu kernel: [    0.000000] ACPI: SPCR 0x000000023C15FF98 000050 (v02 BOCHS  BXPC     00000001 BXPC 00000001)
May 17 16:34:13 osmanubuntu kernel: [    0.000000] ACPI: DBG2 0x000000023C15E418 000057 (v00 BOCHS  BXPC     00000001 BXPC 00000001)
May 17 16:34:13 osmanubuntu kernel: [    0.000000] ACPI: IORT 0x000000023C15E718 000080 (v03 BOCHS  BXPC     00000001 BXPC 00000001)
May 17 16:34:13 osmanubuntu kernel: [    0.000000] ACPI: BGRT 0x000000023C15E498 000038 (v01 INTEL  EDK2     00000002      01000013)
May 17 16:34:13 osmanubuntu kernel: [    0.000000] ACPI: SPCR: console: pl011,mmio32,0x9000000,9600
May 17 16:34:13 osmanubuntu kernel: [    0.000000] NUMA: Failed to initialise from firmware
May 17 16:34:13 osmanubuntu kernel: [    0.000000] NUMA: Faking a node at [mem 0x0000000040000000-0x000000023fffffff]
May 17 16:34:13 osmanubuntu kernel: [    0.000000] NUMA: NODE_DATA [mem 0x23ee47f80-0x23ee4cfff]
May 17 16:34:13 osmanubuntu kernel: [    0.000000] Zone ranges:
May 17 16:34:13 osmanubuntu kernel: [    0.000000]   DMA      [mem 0x0000000040000000-0x00000000ffffffff]
May 17 16:34:13 osmanubuntu kernel: [    0.000000]   DMA32    empty
May 17 16:34:13 osmanubuntu kernel: [    0.000000]   Normal   [mem 0x0000000100000000-0x000000023fffffff]
May 17 16:34:13 osmanubuntu kernel: [    0.000000]   Device   empty
May 17 16:34:13 osmanubuntu kernel: [    0.000000] Movable zone start for each node
May 17 16:34:13 osmanubuntu kernel: [    0.000000] Early memory node ranges
May 17 16:34:13 osmanubuntu kernel: [    0.000000]   node   0: [mem 0x0000000040000000-0x000000023c05ffff]
May 17 16:34:13 osmanubuntu kernel: [    0.000000]   node   0: [mem 0x000000023c060000-0x000000023c06ffff]
May 17 16:34:13 osmanubuntu kernel: [    0.000000]   node   0: [mem 0x000000023c070000-0x000000023c15ffff]
May 17 16:34:13 osmanubuntu kernel: [    0.000000]   node   0: [mem 0x000000023c160000-0x000000023c47ffff]
May 17 16:34:13 osmanubuntu kernel: [    0.000000]   node   0: [mem 0x000000023c480000-0x000000023f75ffff]
May 17 16:34:13 osmanubuntu kernel: [    0.000000]   node   0: [mem 0x000000023f760000-0x000000023f7effff]
May 17 16:34:13 osmanubuntu kernel: [    0.000000]   node   0: [mem 0x000000023f7f0000-0x000000023f7fffff]
May 17 16:34:13 osmanubuntu kernel: [    0.000000]   node   0: [mem 0x000000023f800000-0x000000023f91ffff]
May 17 16:34:13 osmanubuntu kernel: [    0.000000]   node   0: [mem 0x000000023f920000-0x000000023fffffff]
May 17 16:34:13 osmanubuntu kernel: [    0.000000] Initmem setup node 0 [mem 0x0000000040000000-0x000000023fffffff]
May 17 16:34:13 osmanubuntu kernel: [    0.000000] cma: Reserved 32 MiB at 0x00000000fe000000
May 17 16:34:13 osmanubuntu kernel: [    0.000000] psci: probing for conduit method from ACPI.
May 17 16:34:13 osmanubuntu kernel: [    0.000000] psci: PSCIv1.1 detected in firmware.
May 17 16:34:13 osmanubuntu kernel: [    0.000000] psci: Using standard PSCI v0.2 function IDs
May 17 16:34:13 osmanubuntu kernel: [    0.000000] psci: Trusted OS migration not required
May 17 16:34:13 osmanubuntu kernel: [    0.000000] psci: SMC Calling Convention v1.0
May 17 16:34:13 osmanubuntu kernel: [    0.000000] ACPI: SRAT not present
May 17 16:34:13 osmanubuntu kernel: [    0.000000] percpu: Embedded 31 pages/cpu s88792 r8192 d29992 u126976
May 17 16:34:13 osmanubuntu kernel: [    0.000000] pcpu-alloc: s88792 r8192 d29992 u126976 alloc=31*4096
May 17 16:34:13 osmanubuntu kernel: [    0.000000] pcpu-alloc: [0] 0 [0] 1 [0] 2 [0] 3 
May 17 16:34:13 osmanubuntu kernel: [    0.000000] Detected PIPT I-cache on CPU0
May 17 16:34:13 osmanubuntu kernel: [    0.000000] CPU features: detected: Address authentication (IMP DEF algorithm)
May 17 16:34:13 osmanubuntu kernel: [    0.000000] CPU features: detected: Spectre-v4
May 17 16:34:13 osmanubuntu kernel: [    0.000000] CPU features: detected: Spectre-BHB
May 17 16:34:13 osmanubuntu kernel: [    0.000000] alternatives: patching kernel code
May 17 16:34:13 osmanubuntu kernel: [    0.000000] Built 1 zonelists, mobility grouping on.  Total pages: 2064384
May 17 16:34:13 osmanubuntu kernel: [    0.000000] Policy zone: Normal
May 17 16:34:13 osmanubuntu kernel: [    0.000000] Kernel command line: BOOT_IMAGE=/vmlinuz-5.15.0-179-generic root=/dev/mapper/ubuntu--vg-ubuntu--lv ro
May 17 16:34:13 osmanubuntu kernel: [    0.000000] Dentry cache hash table entries: 1048576 (order: 11, 8388608 bytes, linear)
May 17 16:34:13 osmanubuntu kernel: [    0.000000] Inode-cache hash table entries: 524288 (order: 10, 4194304 bytes, linear)
May 17 16:34:13 osmanubuntu kernel: [    0.000000] mem auto-init: stack:off, heap alloc:on, heap free:off
May 17 16:34:13 osmanubuntu kernel: [    0.000000] software IO TLB: mapped [mem 0x00000000fa000000-0x00000000fe000000] (64MB)
May 17 16:34:13 osmanubuntu kernel: [    0.000000] Memory: 7972872K/8388608K available (17536K kernel code, 4602K rwdata, 14112K rodata, 9664K init, 1193K bss, 382968K reserved, 32768K cma-reserved)
May 17 16:34:13 osmanubuntu kernel: [    0.000000] SLUB: HWalign=64, Order=0-3, MinObjects=0, CPUs=4, Nodes=1
May 17 16:34:13 osmanubuntu kernel: [    0.000000] ftrace: allocating 54682 entries in 214 pages
May 17 16:34:13 osmanubuntu kernel: [    0.000000] ftrace: allocated 214 pages with 5 groups
May 17 16:34:13 osmanubuntu kernel: [    0.000000] trace event string verifier disabled
May 17 16:34:13 osmanubuntu kernel: [    0.000000] rcu: Hierarchical RCU implementation.
May 17 16:34:13 osmanubuntu kernel: [    0.000000] rcu: 	RCU restricting CPUs from NR_CPUS=256 to nr_cpu_ids=4.
May 17 16:34:13 osmanubuntu kernel: [    0.000000] 	Rude variant of Tasks RCU enabled.
May 17 16:34:13 osmanubuntu kernel: [    0.000000] 	Tracing variant of Tasks RCU enabled.
May 17 16:34:13 osmanubuntu kernel: [    0.000000] rcu: RCU calculated value of scheduler-enlistment delay is 25 jiffies.
May 17 16:34:13 osmanubuntu kernel: [    0.000000] rcu: Adjusting geometry for rcu_fanout_leaf=16, nr_cpu_ids=4
May 17 16:34:13 osmanubuntu kernel: [    0.000000] NR_IRQS: 64, nr_irqs: 64, preallocated irqs: 0
May 17 16:34:13 osmanubuntu kernel: [    0.000000] Root IRQ handler: gic_handle_irq
May 17 16:34:13 osmanubuntu kernel: [    0.000000] GICv2m: ACPI overriding V2M MSI_TYPER (base:80, num:64)
May 17 16:34:13 osmanubuntu kernel: [    0.000000] GICv2m: range[mem 0x08020000-0x08020fff], SPI[80:143]
May 17 16:34:13 osmanubuntu kernel: [    0.000000] arch_timer: cp15 timer(s) running at 24.00MHz (virt).
May 17 16:34:13 osmanubuntu kernel: [    0.000000] clocksource: arch_sys_counter: mask: 0xffffffffffffff max_cycles: 0x588fe9dc0, max_idle_ns: 440795202592 ns
May 17 16:34:13 osmanubuntu kernel: [    0.000000] sched_clock: 56 bits at 24MHz, resolution 41ns, wraps every 4398046511097ns
May 17 16:34:13 osmanubuntu kernel: [    0.000025] Console: colour dummy device 80x25
May 17 16:34:13 osmanubuntu kernel: [    0.000033] ACPI: Core revision 20210730
May 17 16:34:13 osmanubuntu kernel: [    0.000052] Calibrating delay loop (skipped), value calculated using timer frequency.. 48.00 BogoMIPS (lpj=96000)
May 17 16:34:13 osmanubuntu kernel: [    0.000054] pid_max: default: 32768 minimum: 301
May 17 16:34:13 osmanubuntu kernel: [    0.000061] LSM: Security Framework initializing
May 17 16:34:13 osmanubuntu kernel: [    0.000065] landlock: Up and running.
May 17 16:34:13 osmanubuntu kernel: [    0.000065] Yama: becoming mindful.
May 17 16:34:13 osmanubuntu kernel: [    0.000078] AppArmor: AppArmor initialized
May 17 16:34:13 osmanubuntu kernel: [    0.000102] Mount-cache hash table entries: 16384 (order: 5, 131072 bytes, linear)
May 17 16:34:13 osmanubuntu kernel: [    0.000115] Mountpoint-cache hash table entries: 16384 (order: 5, 131072 bytes, linear)
May 17 16:34:13 osmanubuntu kernel: [    0.000312] rcu: Hierarchical SRCU implementation.
May 17 16:34:13 osmanubuntu kernel: [    0.000404] Remapping and enabling EFI services.
May 17 16:34:13 osmanubuntu kernel: [    0.000533] smp: Bringing up secondary CPUs ...
May 17 16:34:13 osmanubuntu kernel: [    0.000689] Detected PIPT I-cache on CPU1
May 17 16:34:13 osmanubuntu kernel: [    0.001057] CPU1: Booted secondary processor 0x0000000001 [0x610f0000]
May 17 16:34:13 osmanubuntu kernel: [    0.001432] Detected PIPT I-cache on CPU2
May 17 16:34:13 osmanubuntu kernel: [    0.001539] CPU2: Booted secondary processor 0x0000000002 [0x610f0000]
May 17 16:34:13 osmanubuntu kernel: [    0.002111] Detected PIPT I-cache on CPU3
May 17 16:34:13 osmanubuntu kernel: [    0.002301] CPU3: Booted secondary processor 0x0000000003 [0x610f0000]
May 17 16:34:13 osmanubuntu kernel: [    0.002387] smp: Brought up 1 node, 4 CPUs
May 17 16:34:13 osmanubuntu kernel: [    0.002389] SMP: Total of 4 processors activated.
May 17 16:34:13 osmanubuntu kernel: [    0.002390] CPU features: detected: Branch Target Identification
May 17 16:34:13 osmanubuntu kernel: [    0.002390] CPU features: detected: ARMv8.4 Translation Table Level
May 17 16:34:13 osmanubuntu kernel: [    0.002391] CPU features: detected: Data cache clean to the PoU not required for I/D coherence
May 17 16:34:13 osmanubuntu kernel: [    0.002391] CPU features: detected: Common not Private translations
May 17 16:34:13 osmanubuntu kernel: [    0.002392] CPU features: detected: CRC32 instructions
May 17 16:34:13 osmanubuntu kernel: [    0.002392] CPU features: detected: Data cache clean to Point of Deep Persistence
May 17 16:34:13 osmanubuntu kernel: [    0.002392] CPU features: detected: Data cache clean to Point of Persistence
May 17 16:34:13 osmanubuntu kernel: [    0.002392] CPU features: detected: E0PD
May 17 16:34:13 osmanubuntu kernel: [    0.002393] CPU features: detected: Enhanced Privileged Access Never
May 17 16:34:13 osmanubuntu kernel: [    0.002393] CPU features: detected: Generic authentication (IMP DEF algorithm)
May 17 16:34:13 osmanubuntu kernel: [    0.002393] CPU features: detected: RCpc load-acquire (LDAPR)
May 17 16:34:13 osmanubuntu kernel: [    0.002394] CPU features: detected: LSE atomic instructions
May 17 16:34:13 osmanubuntu kernel: [    0.002394] CPU features: detected: Privileged Access Never
May 17 16:34:13 osmanubuntu kernel: [    0.002394] CPU features: detected: RAS Extension Support
May 17 16:34:13 osmanubuntu kernel: [    0.002394] CPU features: detected: Speculation barrier (SB)
May 17 16:34:13 osmanubuntu kernel: [    0.002395] CPU features: detected: TLB range maintenance instructions
May 17 16:34:13 osmanubuntu kernel: [    0.016629] CPU: All CPU(s) started at EL1
May 17 16:34:13 osmanubuntu kernel: [    0.017119] devtmpfs: initialized
May 17 16:34:13 osmanubuntu kernel: [    0.017403] setend instruction emulation is not supported on this system
May 17 16:34:13 osmanubuntu kernel: [    0.017502] KASLR enabled
May 17 16:34:13 osmanubuntu kernel: [    0.017518] clocksource: jiffies: mask: 0xffffffff max_cycles: 0xffffffff, max_idle_ns: 7645041785100000 ns
May 17 16:34:13 osmanubuntu kernel: [    0.017525] futex hash table entries: 1024 (order: 4, 65536 bytes, linear)
May 17 16:34:13 osmanubuntu kernel: [    0.017582] pinctrl core: initialized pinctrl subsystem
May 17 16:34:13 osmanubuntu kernel: [    0.017633] SMBIOS 3.0.0 present.
May 17 16:34:13 osmanubuntu kernel: [    0.017635] DMI: QEMU QEMU Virtual Machine, BIOS 0.0.0 02/06/2015
May 17 16:34:13 osmanubuntu kernel: [    0.017739] NET: Registered PF_NETLINK/PF_ROUTE protocol family
May 17 16:34:13 osmanubuntu kernel: [    0.019831] DMA: preallocated 1024 KiB GFP_KERNEL pool for atomic allocations
May 17 16:34:13 osmanubuntu kernel: [    0.020012] DMA: preallocated 1024 KiB GFP_KERNEL|GFP_DMA pool for atomic allocations
May 17 16:34:13 osmanubuntu kernel: [    0.020207] DMA: preallocated 1024 KiB GFP_KERNEL|GFP_DMA32 pool for atomic allocations
May 17 16:34:13 osmanubuntu kernel: [    0.020212] audit: initializing netlink subsys (disabled)
May 17 16:34:13 osmanubuntu kernel: [    0.020299] audit: type=2000 audit(0.020:1): state=initialized audit_enabled=0 res=1
May 17 16:34:13 osmanubuntu kernel: [    0.020354] thermal_sys: Registered thermal governor 'fair_share'
May 17 16:34:13 osmanubuntu kernel: [    0.020354] thermal_sys: Registered thermal governor 'bang_bang'
May 17 16:34:13 osmanubuntu kernel: [    0.020355] thermal_sys: Registered thermal governor 'step_wise'
May 17 16:34:13 osmanubuntu kernel: [    0.020355] thermal_sys: Registered thermal governor 'user_space'
May 17 16:34:13 osmanubuntu kernel: [    0.020355] thermal_sys: Registered thermal governor 'power_allocator'
May 17 16:34:13 osmanubuntu kernel: [    0.020359] cpuidle: using governor ladder
May 17 16:34:13 osmanubuntu kernel: [    0.020360] cpuidle: using governor menu
May 17 16:34:13 osmanubuntu kernel: [    0.020368] hw-breakpoint: found 6 breakpoint and 4 watchpoint registers.
May 17 16:34:13 osmanubuntu kernel: [    0.020618] ASID allocator initialised with 65536 entries
May 17 16:34:13 osmanubuntu kernel: [    0.020654] ACPI: bus type PCI registered
May 17 16:34:13 osmanubuntu kernel: [    0.020655] acpiphp: ACPI Hot Plug PCI Controller Driver version: 0.5
May 17 16:34:13 osmanubuntu kernel: [    0.020679] Serial: AMBA PL011 UART driver
May 17 16:34:13 osmanubuntu kernel: [    0.021552] HugeTLB registered 1.00 GiB page size, pre-allocated 0 pages
May 17 16:34:13 osmanubuntu kernel: [    0.021553] HugeTLB registered 32.0 MiB page size, pre-allocated 0 pages
May 17 16:34:13 osmanubuntu kernel: [    0.021554] HugeTLB registered 2.00 MiB page size, pre-allocated 0 pages
May 17 16:34:13 osmanubuntu kernel: [    0.021554] HugeTLB registered 64.0 KiB page size, pre-allocated 0 pages
May 17 16:34:13 osmanubuntu kernel: [    0.030699] ACPI: Added _OSI(Module Device)
May 17 16:34:13 osmanubuntu kernel: [    0.030700] ACPI: Added _OSI(Processor Device)
May 17 16:34:13 osmanubuntu kernel: [    0.030700] ACPI: Added _OSI(Processor Aggregator Device)
May 17 16:34:13 osmanubuntu kernel: [    0.030701] ACPI: Added _OSI(Linux-Dell-Video)
May 17 16:34:13 osmanubuntu kernel: [    0.030701] ACPI: Added _OSI(Linux-Lenovo-NV-HDMI-Audio)
May 17 16:34:13 osmanubuntu kernel: [    0.030701] ACPI: Added _OSI(Linux-HPI-Hybrid-Graphics)
May 17 16:34:13 osmanubuntu kernel: [    0.030895] ACPI: 1 ACPI AML tables successfully acquired and loaded
May 17 16:34:13 osmanubuntu kernel: [    0.030970] ACPI: Interpreter enabled
May 17 16:34:13 osmanubuntu kernel: [    0.030970] ACPI: Using GIC for interrupt routing
May 17 16:34:13 osmanubuntu kernel: [    0.030973] ACPI: MCFG table detected, 1 entries
May 17 16:34:13 osmanubuntu kernel: [    0.031451] ARMH0011:00: ttyAMA0 at MMIO 0x9000000 (irq = 12, base_baud = 0) is a SBSA
May 17 16:34:13 osmanubuntu kernel: [    0.333227] printk: console [ttyAMA0] enabled
May 17 16:34:13 osmanubuntu kernel: [    0.335715] ACPI: PCI: Interrupt link L000 configured for IRQ 35
May 17 16:34:13 osmanubuntu kernel: [    0.336387] ACPI: PCI: Interrupt link L001 configured for IRQ 36
May 17 16:34:13 osmanubuntu kernel: [    0.336941] ACPI: PCI: Interrupt link L002 configured for IRQ 37
May 17 16:34:13 osmanubuntu kernel: [    0.339255] ACPI: PCI: Interrupt link L003 configured for IRQ 38
May 17 16:34:13 osmanubuntu kernel: [    0.342134] ACPI: PCI Root Bridge [PCI0] (domain 0000 [bus 00-ff])
May 17 16:34:13 osmanubuntu kernel: [    0.344124] acpi PNP0A08:00: _OSC: OS supports [ExtendedConfig ASPM ClockPM Segments MSI EDR HPX-Type3]
May 17 16:34:13 osmanubuntu kernel: [    0.349007] acpi PNP0A08:00: _OSC: platform does not support [LTR DPC]
May 17 16:34:13 osmanubuntu kernel: [    0.351560] acpi PNP0A08:00: _OSC: OS now controls [PCIeHotplug SHPCHotplug PME AER PCIeCapability]
May 17 16:34:13 osmanubuntu kernel: [    0.354088] acpi PNP0A08:00: ECAM area [mem 0x4010000000-0x401fffffff] reserved by PNP0C02:00
May 17 16:34:13 osmanubuntu kernel: [    0.358331] acpi PNP0A08:00: ECAM at [mem 0x4010000000-0x401fffffff] for [bus 00-ff]
May 17 16:34:13 osmanubuntu kernel: [    0.362557] ACPI: Remapped I/O 0x000000003eff0000 to [io  0x0000-0xffff window]
May 17 16:34:13 osmanubuntu kernel: [    0.366811] PCI host bridge to bus 0000:00
May 17 16:34:13 osmanubuntu kernel: [    0.368754] pci_bus 0000:00: root bus resource [mem 0x10000000-0x3efeffff window]
May 17 16:34:13 osmanubuntu kernel: [    0.372617] pci_bus 0000:00: root bus resource [io  0x0000-0xffff window]
May 17 16:34:13 osmanubuntu kernel: [    0.375622] pci_bus 0000:00: root bus resource [mem 0x8000000000-0xffffffffff window]
May 17 16:34:13 osmanubuntu kernel: [    0.376459] pci_bus 0000:00: root bus resource [bus 00-ff]
May 17 16:34:13 osmanubuntu kernel: [    0.377477] pci 0000:00:00.0: [1b36:0008] type 00 class 0x060000
May 17 16:34:13 osmanubuntu kernel: [    0.378880] pci 0000:00:01.0: [1af4:1000] type 00 class 0x020000
May 17 16:34:13 osmanubuntu kernel: [    0.379678] pci 0000:00:01.0: reg 0x10: [io  0x00e0-0x00ff]
May 17 16:34:13 osmanubuntu kernel: [    0.380266] pci 0000:00:01.0: reg 0x14: [mem 0x10048000-0x10048fff]
May 17 16:34:13 osmanubuntu kernel: [    0.380995] pci 0000:00:01.0: reg 0x20: [mem 0x8000000000-0x8000003fff 64bit pref]
May 17 16:34:13 osmanubuntu kernel: [    0.382246] pci 0000:00:01.0: reg 0x30: [mem 0xfffc0000-0xffffffff pref]
May 17 16:34:13 osmanubuntu kernel: [    0.384016] pci 0000:00:02.0: [1af4:1050] type 00 class 0x038000
May 17 16:34:13 osmanubuntu kernel: [    0.385184] pci 0000:00:02.0: reg 0x14: [mem 0x10047000-0x10047fff]
May 17 16:34:13 osmanubuntu kernel: [    0.386293] pci 0000:00:02.0: reg 0x20: [mem 0x8000004000-0x8000007fff 64bit pref]
May 17 16:34:13 osmanubuntu kernel: [    0.390144] pci 0000:00:03.0: [8086:2668] type 00 class 0x040300
May 17 16:34:13 osmanubuntu kernel: [    0.393378] pci 0000:00:03.0: reg 0x10: [mem 0x10040000-0x10043fff]
May 17 16:34:13 osmanubuntu kernel: [    0.397191] pci 0000:00:04.0: [1033:0194] type 00 class 0x0c0330
May 17 16:34:13 osmanubuntu kernel: [    0.401818] pci 0000:00:04.0: reg 0x10: [mem 0x8000018000-0x800001bfff 64bit]
May 17 16:34:13 osmanubuntu kernel: [    0.405399] pci 0000:00:04.0: enabling Extended Tags
May 17 16:34:13 osmanubuntu kernel: [    0.408183] pci 0000:00:05.0: [1b36:000d] type 00 class 0x0c0330
May 17 16:34:13 osmanubuntu kernel: [    0.411886] pci 0000:00:05.0: reg 0x10: [mem 0x8000014000-0x8000017fff 64bit]
May 17 16:34:13 osmanubuntu kernel: [    0.415588] pci 0000:00:05.0: enabling Extended Tags
May 17 16:34:13 osmanubuntu kernel: [    0.420157] pci 0000:00:06.0: [1af4:1001] type 00 class 0x010000
May 17 16:34:13 osmanubuntu kernel: [    0.422970] pci 0000:00:06.0: reg 0x10: [io  0x0000-0x007f]
May 17 16:34:13 osmanubuntu kernel: [    0.425890] pci 0000:00:06.0: reg 0x14: [mem 0x10046000-0x10046fff]
May 17 16:34:13 osmanubuntu kernel: [    0.428135] pci 0000:00:06.0: reg 0x20: [mem 0x8000008000-0x800000bfff 64bit pref]
May 17 16:34:13 osmanubuntu kernel: [    0.433253] pci 0000:00:07.0: [1af4:1003] type 00 class 0x078000
May 17 16:34:13 osmanubuntu kernel: [    0.437752] pci 0000:00:07.0: reg 0x10: [io  0x0080-0x00bf]
May 17 16:34:13 osmanubuntu kernel: [    0.440124] pci 0000:00:07.0: reg 0x14: [mem 0x10045000-0x10045fff]
May 17 16:34:13 osmanubuntu kernel: [    0.442195] pci 0000:00:07.0: reg 0x20: [mem 0x800000c000-0x800000ffff 64bit pref]
May 17 16:34:13 osmanubuntu kernel: [    0.445743] pci 0000:00:08.0: [1af4:1005] type 00 class 0x00ff00
May 17 16:34:13 osmanubuntu kernel: [    0.450668] pci 0000:00:08.0: reg 0x10: [io  0x00c0-0x00df]
May 17 16:34:13 osmanubuntu kernel: [    0.452810] pci 0000:00:08.0: reg 0x14: [mem 0x10044000-0x10044fff]
May 17 16:34:13 osmanubuntu kernel: [    0.456506] pci 0000:00:08.0: reg 0x20: [mem 0x8000010000-0x8000013fff 64bit pref]
May 17 16:34:13 osmanubuntu kernel: [    0.460586] pci 0000:00:01.0: BAR 6: assigned [mem 0x10000000-0x1003ffff pref]
May 17 16:34:13 osmanubuntu kernel: [    0.462696] pci 0000:00:01.0: BAR 4: assigned [mem 0x8000000000-0x8000003fff 64bit pref]
May 17 16:34:13 osmanubuntu kernel: [    0.465278] pci 0000:00:02.0: BAR 4: assigned [mem 0x8000004000-0x8000007fff 64bit pref]
May 17 16:34:13 osmanubuntu kernel: [    0.467042] pci 0000:00:03.0: BAR 0: assigned [mem 0x10040000-0x10043fff]
May 17 16:34:13 osmanubuntu kernel: [    0.468222] pci 0000:00:04.0: BAR 0: assigned [mem 0x8000008000-0x800000bfff 64bit]
May 17 16:34:13 osmanubuntu kernel: [    0.469290] pci 0000:00:05.0: BAR 0: assigned [mem 0x800000c000-0x800000ffff 64bit]
May 17 16:34:13 osmanubuntu kernel: [    0.470326] pci 0000:00:06.0: BAR 4: assigned [mem 0x8000010000-0x8000013fff 64bit pref]
May 17 16:34:13 osmanubuntu kernel: [    0.471362] pci 0000:00:07.0: BAR 4: assigned [mem 0x8000014000-0x8000017fff 64bit pref]
May 17 16:34:13 osmanubuntu kernel: [    0.472489] pci 0000:00:08.0: BAR 4: assigned [mem 0x8000018000-0x800001bfff 64bit pref]
May 17 16:34:13 osmanubuntu kernel: [    0.474473] pci 0000:00:01.0: BAR 1: assigned [mem 0x10044000-0x10044fff]
May 17 16:34:13 osmanubuntu kernel: [    0.475950] pci 0000:00:02.0: BAR 1: assigned [mem 0x10045000-0x10045fff]
May 17 16:34:13 osmanubuntu kernel: [    0.477849] pci 0000:00:06.0: BAR 1: assigned [mem 0x10046000-0x10046fff]
May 17 16:34:13 osmanubuntu kernel: [    0.479974] pci 0000:00:07.0: BAR 1: assigned [mem 0x10047000-0x10047fff]
May 17 16:34:13 osmanubuntu kernel: [    0.480916] pci 0000:00:08.0: BAR 1: assigned [mem 0x10048000-0x10048fff]
May 17 16:34:13 osmanubuntu kernel: [    0.482172] pci 0000:00:06.0: BAR 0: assigned [io  0x1000-0x107f]
May 17 16:34:13 osmanubuntu kernel: [    0.484029] pci 0000:00:07.0: BAR 0: assigned [io  0x1080-0x10bf]
May 17 16:34:13 osmanubuntu kernel: [    0.484587] pci 0000:00:01.0: BAR 0: assigned [io  0x10c0-0x10df]
May 17 16:34:13 osmanubuntu kernel: [    0.485158] pci 0000:00:08.0: BAR 0: assigned [io  0x10e0-0x10ff]
May 17 16:34:13 osmanubuntu kernel: [    0.487651] pci_bus 0000:00: resource 4 [mem 0x10000000-0x3efeffff window]
May 17 16:34:13 osmanubuntu kernel: [    0.488467] pci_bus 0000:00: resource 5 [io  0x0000-0xffff window]
May 17 16:34:13 osmanubuntu kernel: [    0.489161] pci_bus 0000:00: resource 6 [mem 0x8000000000-0xffffffffff window]
May 17 16:34:13 osmanubuntu kernel: [    0.490020] iommu: Default domain type: Translated 
May 17 16:34:13 osmanubuntu kernel: [    0.491650] iommu: DMA domain TLB invalidation policy: strict mode 
May 17 16:34:13 osmanubuntu kernel: [    0.493687] SCSI subsystem initialized
May 17 16:34:13 osmanubuntu kernel: [    0.494128] libata version 3.00 loaded.
May 17 16:34:13 osmanubuntu kernel: [    0.494219] vgaarb: loaded
May 17 16:34:13 osmanubuntu kernel: [    0.494754] ACPI: bus type USB registered
May 17 16:34:13 osmanubuntu kernel: [    0.495186] usbcore: registered new interface driver usbfs
May 17 16:34:13 osmanubuntu kernel: [    0.495870] usbcore: registered new interface driver hub
May 17 16:34:13 osmanubuntu kernel: [    0.496601] usbcore: registered new device driver usb
May 17 16:34:13 osmanubuntu kernel: [    0.497169] pps_core: LinuxPPS API ver. 1 registered
May 17 16:34:13 osmanubuntu kernel: [    0.498827] pps_core: Software ver. 5.3.6 - Copyright 2005-2007 Rodolfo Giometti <giometti@linux.it>
May 17 16:34:13 osmanubuntu kernel: [    0.500005] PTP clock support registered
May 17 16:34:13 osmanubuntu kernel: [    0.500862] EDAC MC: Ver: 3.0.0
May 17 16:34:13 osmanubuntu kernel: [    0.501534] Registered efivars operations
May 17 16:34:13 osmanubuntu kernel: [    0.502521] NetLabel: Initializing
May 17 16:34:13 osmanubuntu kernel: [    0.502878] NetLabel:  domain hash size = 128
May 17 16:34:13 osmanubuntu kernel: [    0.503446] NetLabel:  protocols = UNLABELED CIPSOv4 CALIPSO
May 17 16:34:13 osmanubuntu kernel: [    0.504785] NetLabel:  unlabeled traffic allowed by default
May 17 16:34:13 osmanubuntu kernel: [    0.508239] clocksource: Switched to clocksource arch_sys_counter
May 17 16:34:13 osmanubuntu kernel: [    0.512391] VFS: Disk quotas dquot_6.6.0
May 17 16:34:13 osmanubuntu kernel: [    0.512610] VFS: Dquot-cache hash table entries: 512 (order 0, 4096 bytes)
May 17 16:34:13 osmanubuntu kernel: [    0.513656] AppArmor: AppArmor Filesystem Enabled
May 17 16:34:13 osmanubuntu kernel: [    0.514477] pnp: PnP ACPI init
May 17 16:34:13 osmanubuntu kernel: [    0.514907] system 00:00: [mem 0x4010000000-0x401fffffff window] could not be reserved
May 17 16:34:13 osmanubuntu kernel: [    0.515803] pnp: PnP ACPI: found 1 devices
May 17 16:34:13 osmanubuntu kernel: [    0.523638] NET: Registered PF_INET protocol family
May 17 16:34:13 osmanubuntu kernel: [    0.524811] IP idents hash table entries: 131072 (order: 8, 1048576 bytes, linear)
May 17 16:34:13 osmanubuntu kernel: [    0.527625] tcp_listen_portaddr_hash hash table entries: 4096 (order: 4, 65536 bytes, linear)
May 17 16:34:13 osmanubuntu kernel: [    0.530214] Table-perturb hash table entries: 65536 (order: 6, 262144 bytes, linear)
May 17 16:34:13 osmanubuntu kernel: [    0.531602] TCP established hash table entries: 65536 (order: 7, 524288 bytes, linear)
May 17 16:34:13 osmanubuntu kernel: [    0.533477] TCP bind hash table entries: 65536 (order: 8, 1048576 bytes, linear)
May 17 16:34:13 osmanubuntu kernel: [    0.535203] TCP: Hash tables configured (established 65536 bind 65536)
May 17 16:34:13 osmanubuntu kernel: [    0.535980] MPTCP token hash table entries: 8192 (order: 6, 196608 bytes, linear)
May 17 16:34:13 osmanubuntu kernel: [    0.537519] UDP hash table entries: 4096 (order: 5, 131072 bytes, linear)
May 17 16:34:13 osmanubuntu kernel: [    0.539351] UDP-Lite hash table entries: 4096 (order: 5, 131072 bytes, linear)
May 17 16:34:13 osmanubuntu kernel: [    0.540954] NET: Registered PF_UNIX/PF_LOCAL protocol family
May 17 16:34:13 osmanubuntu kernel: [    0.542349] NET: Registered PF_XDP protocol family
May 17 16:34:13 osmanubuntu kernel: [    0.543124] pci 0000:00:04.0: enabling device (0000 -> 0002)
May 17 16:34:13 osmanubuntu kernel: [    0.544346] pci 0000:00:05.0: enabling device (0000 -> 0002)
May 17 16:34:13 osmanubuntu kernel: [    0.545902] PCI: CLS 0 bytes, default 64
May 17 16:34:13 osmanubuntu kernel: [    0.546562] Trying to unpack rootfs image as initramfs...
May 17 16:34:13 osmanubuntu kernel: [    0.556507] kvm [1]: HYP mode not available
May 17 16:34:13 osmanubuntu kernel: [    0.557138] Initialise system trusted keyrings
May 17 16:34:13 osmanubuntu kernel: [    0.558354] Key type blacklist registered
May 17 16:34:13 osmanubuntu kernel: [    0.559457] workingset: timestamp_bits=40 max_order=21 bucket_order=0
May 17 16:34:13 osmanubuntu kernel: [    0.561192] zbud: loaded
May 17 16:34:13 osmanubuntu kernel: [    0.561671] squashfs: version 4.0 (2009/01/31) Phillip Lougher
May 17 16:34:13 osmanubuntu kernel: [    0.562885] fuse: init (API version 7.34)
May 17 16:34:13 osmanubuntu kernel: [    0.563728] integrity: Platform Keyring initialized
May 17 16:34:13 osmanubuntu kernel: [    0.569410] Key type asymmetric registered
May 17 16:34:13 osmanubuntu kernel: [    0.570350] Asymmetric key parser 'x509' registered
May 17 16:34:13 osmanubuntu kernel: [    0.572913] Block layer SCSI generic (bsg) driver version 0.4 loaded (major 242)
May 17 16:34:13 osmanubuntu kernel: [    0.576679] io scheduler mq-deadline registered
May 17 16:34:13 osmanubuntu kernel: [    0.579067] shpchp: Standard Hot Plug PCI Controller Driver version: 0.4
May 17 16:34:13 osmanubuntu kernel: [    0.580171] input: Power Button as /devices/LNXSYSTM:00/LNXSYBUS:00/PNP0C0C:00/input/input0
May 17 16:34:13 osmanubuntu kernel: [    0.582299] ACPI: button: Power Button [PWRB]
May 17 16:34:13 osmanubuntu kernel: [    0.587821] ACPI: \_SB_.L001: Enabled at IRQ 36
May 17 16:34:13 osmanubuntu kernel: [    0.588171] virtio-pci 0000:00:01.0: enabling device (0000 -> 0003)
May 17 16:34:13 osmanubuntu kernel: [    0.590793] ACPI: \_SB_.L002: Enabled at IRQ 37
May 17 16:34:13 osmanubuntu kernel: [    0.593526] virtio-pci 0000:00:06.0: enabling device (0005 -> 0007)
May 17 16:34:13 osmanubuntu kernel: [    0.594906] ACPI: \_SB_.L003: Enabled at IRQ 38
May 17 16:34:13 osmanubuntu kernel: [    0.595223] virtio-pci 0000:00:07.0: enabling device (0000 -> 0003)
May 17 16:34:13 osmanubuntu kernel: [    0.596227] ACPI: \_SB_.L000: Enabled at IRQ 35
May 17 16:34:13 osmanubuntu kernel: [    0.596582] virtio-pci 0000:00:08.0: enabling device (0005 -> 0007)
May 17 16:34:13 osmanubuntu kernel: [    0.597610] Serial: 8250/16550 driver, 32 ports, IRQ sharing enabled
May 17 16:34:13 osmanubuntu kernel: [    0.600853] SuperH (H)SCI(F) driver initialized
May 17 16:34:13 osmanubuntu kernel: [    0.600997] msm_serial: driver initialized
May 17 16:34:13 osmanubuntu kernel: [    0.617991] loop: module loaded
May 17 16:34:13 osmanubuntu kernel: [    0.618190] SPI driver altr_a10sr has no spi_device_id for altr,a10sr
May 17 16:34:13 osmanubuntu kernel: [    0.618765] tun: Universal TUN/TAP device driver, 1.6
May 17 16:34:13 osmanubuntu kernel: [    0.619650] PPP generic driver version 2.4.2
May 17 16:34:13 osmanubuntu kernel: [    0.620439] ehci_hcd: USB 2.0 'Enhanced' Host Controller (EHCI) Driver
May 17 16:34:13 osmanubuntu kernel: [    0.620986] ehci-pci: EHCI PCI platform driver
May 17 16:34:13 osmanubuntu kernel: [    0.621211] ehci-orion: EHCI orion driver
May 17 16:34:13 osmanubuntu kernel: [    0.621429] ohci_hcd: USB 1.1 'Open' Host Controller (OHCI) Driver
May 17 16:34:13 osmanubuntu kernel: [    0.621758] ohci-pci: OHCI PCI platform driver
May 17 16:34:13 osmanubuntu kernel: [    0.621954] uhci_hcd: USB Universal Host Controller Interface driver
May 17 16:34:13 osmanubuntu kernel: [    0.622432] mousedev: PS/2 mouse device common for all mice
May 17 16:34:13 osmanubuntu kernel: [    0.624409] rtc-efi rtc-efi.0: registered as rtc0
May 17 16:34:13 osmanubuntu kernel: [    0.624739] rtc-efi rtc-efi.0: setting system clock to 2026-05-17T16:34:09 UTC (1779035649)
May 17 16:34:13 osmanubuntu kernel: [    0.625133] i2c_dev: i2c /dev entries driver
May 17 16:34:13 osmanubuntu kernel: [    0.625393] device-mapper: core: CONFIG_IMA_DISABLE_HTABLE is disabled. Duplicate IMA measurements will not be recorded in the IMA log.
May 17 16:34:13 osmanubuntu kernel: [    0.626088] device-mapper: uevent: version 1.0.3
May 17 16:34:13 osmanubuntu kernel: [    0.626423] device-mapper: ioctl: 4.45.0-ioctl (2021-03-22) initialised: dm-devel@redhat.com
May 17 16:34:13 osmanubuntu kernel: [    0.627607] ledtrig-cpu: registered to indicate activity on CPUs
May 17 16:34:13 osmanubuntu kernel: [    0.628583] drop_monitor: Initializing network drop monitor service
May 17 16:34:13 osmanubuntu kernel: [    0.628915] NET: Registered PF_INET6 protocol family
May 17 16:34:13 osmanubuntu kernel: [    0.829555] Freeing initrd memory: 103820K
May 17 16:34:13 osmanubuntu kernel: [    0.834445] Segment Routing with IPv6
May 17 16:34:13 osmanubuntu kernel: [    0.835051] In-situ OAM (IOAM) with IPv6
May 17 16:34:13 osmanubuntu kernel: [    0.836800] NET: Registered PF_PACKET protocol family
May 17 16:34:13 osmanubuntu kernel: [    0.837522] Key type dns_resolver registered
May 17 16:34:13 osmanubuntu kernel: [    0.837830] registered taskstats version 1
May 17 16:34:13 osmanubuntu kernel: [    0.838564] Loading compiled-in X.509 certificates
May 17 16:34:13 osmanubuntu kernel: [    0.840192] Loaded X.509 cert 'Build time autogenerated kernel key: ff18566744b262d4d040947ec559aee7439f707c'
May 17 16:34:13 osmanubuntu kernel: [    0.842230] Loaded X.509 cert 'Canonical Ltd. Live Patch Signing 2025 Kmod: d541cef61dc7e793b7eb7e899970a2eef0b5dc8c'
May 17 16:34:13 osmanubuntu kernel: [    0.843217] Loaded X.509 cert 'Canonical Ltd. Live Patch Signing: 14df34d1a87cf37625abec039ef2bf521249b969'
May 17 16:34:13 osmanubuntu kernel: [    0.843989] Loaded X.509 cert 'Canonical Ltd. Kernel Module Signing 2025 Kmod: 4627603d2357a2a3f81006370894c221175893e9'
May 17 16:34:13 osmanubuntu kernel: [    0.844855] Loaded X.509 cert 'Canonical Ltd. Kernel Module Signing: 88f752e560a1e0737e31163a466ad7b70a850c19'
May 17 16:34:13 osmanubuntu kernel: [    0.845812] blacklist: Loading compiled-in revocation X.509 certificates
May 17 16:34:13 osmanubuntu kernel: [    0.846795] Loaded X.509 cert 'Canonical Ltd. Secure Boot Signing: 61482aa2830d0ab2ad5af10b7250da9033ddcef0'
May 17 16:34:13 osmanubuntu kernel: [    0.848090] Loaded X.509 cert 'Canonical Ltd. Secure Boot Signing (2017): 242ade75ac4a15e50d50c84b0d45ff3eae707a03'
May 17 16:34:13 osmanubuntu kernel: [    0.848846] Loaded X.509 cert 'Canonical Ltd. Secure Boot Signing (ESM 2018): 365188c1d374d6b07c3c8f240f8ef722433d6a8b'
May 17 16:34:13 osmanubuntu kernel: [    0.850049] Loaded X.509 cert 'Canonical Ltd. Secure Boot Signing (2019): c0746fd6c5da3ae827864651ad66ae47fe24b3e8'
May 17 16:34:13 osmanubuntu kernel: [    0.850733] Loaded X.509 cert 'Canonical Ltd. Secure Boot Signing (2021 v1): a8d54bbb3825cfb94fa13c9f8a594a195c107b8d'
May 17 16:34:13 osmanubuntu kernel: [    0.851644] Loaded X.509 cert 'Canonical Ltd. Secure Boot Signing (2021 v2): 4cf046892d6fd3c9a5b03f98d845f90851dc6a8c'
May 17 16:34:13 osmanubuntu kernel: [    0.852769] Loaded X.509 cert 'Canonical Ltd. Secure Boot Signing (2021 v3): 100437bb6de6e469b581e61cd66bce3ef4ed53af'
May 17 16:34:13 osmanubuntu kernel: [    0.853806] Loaded X.509 cert 'Canonical Ltd. Secure Boot Signing (Ubuntu Core 2019): c1d57b8f6b743f23ee41f4f7ee292f06eecadfb9'
May 17 16:34:13 osmanubuntu kernel: [    0.855065] zswap: loaded using pool lzo/zbud
May 17 16:34:13 osmanubuntu kernel: [    0.856461] Key type .fscrypt registered
May 17 16:34:13 osmanubuntu kernel: [    0.857015] Key type fscrypt-provisioning registered
May 17 16:34:13 osmanubuntu kernel: [    0.866833] cryptd: max_cpu_qlen set to 1000
May 17 16:34:13 osmanubuntu kernel: [    0.877291] Key type encrypted registered
May 17 16:34:13 osmanubuntu kernel: [    0.877608] AppArmor: AppArmor sha1 policy hashing enabled
May 17 16:34:13 osmanubuntu kernel: [    0.878430] integrity: Loading X.509 certificate: UEFI:MokListRT (MOKvar table)
May 17 16:34:13 osmanubuntu kernel: [    0.883292] integrity: Loaded X.509 cert 'Canonical Ltd. Master Certificate Authority: ad91990bc22ab1f517048c23b6655a268e345a63'
May 17 16:34:13 osmanubuntu kernel: [    0.885554] ima: No TPM chip found, activating TPM-bypass!
May 17 16:34:13 osmanubuntu kernel: [    0.886459] Loading compiled-in module X.509 certificates
May 17 16:34:13 osmanubuntu kernel: [    0.887337] Loaded X.509 cert 'Build time autogenerated kernel key: ff18566744b262d4d040947ec559aee7439f707c'
May 17 16:34:13 osmanubuntu kernel: [    0.888446] ima: Allocated hash algorithm: sha1
May 17 16:34:13 osmanubuntu kernel: [    0.888903] ima: No architecture policies found
May 17 16:34:13 osmanubuntu kernel: [    0.889303] evm: Initialising EVM extended attributes:
May 17 16:34:13 osmanubuntu kernel: [    0.889718] evm: security.selinux
May 17 16:34:13 osmanubuntu kernel: [    0.889888] evm: security.SMACK64
May 17 16:34:13 osmanubuntu kernel: [    0.890029] evm: security.SMACK64EXEC
May 17 16:34:13 osmanubuntu kernel: [    0.890264] evm: security.SMACK64TRANSMUTE
May 17 16:34:13 osmanubuntu kernel: [    0.890567] evm: security.SMACK64MMAP
May 17 16:34:13 osmanubuntu kernel: [    0.890769] evm: security.apparmor
May 17 16:34:13 osmanubuntu kernel: [    0.891068] evm: security.ima
May 17 16:34:13 osmanubuntu kernel: [    0.891199] evm: security.capability
May 17 16:34:13 osmanubuntu kernel: [    0.891352] evm: HMAC attrs: 0x1
May 17 16:34:13 osmanubuntu kernel: [    0.891984] clk: Disabling unused clocks
May 17 16:34:13 osmanubuntu kernel: [    0.893156] Freeing unused kernel memory: 9664K
May 17 16:34:13 osmanubuntu kernel: [    0.899190] Checked W+X mappings: passed, no W+X pages found
May 17 16:34:13 osmanubuntu kernel: [    0.899458] Run /init as init process
May 17 16:34:13 osmanubuntu kernel: [    0.899617]   with arguments:
May 17 16:34:13 osmanubuntu kernel: [    0.899618]     /init
May 17 16:34:13 osmanubuntu kernel: [    0.899618]   with environment:
May 17 16:34:13 osmanubuntu kernel: [    0.899618]     HOME=/
May 17 16:34:13 osmanubuntu kernel: [    0.899619]     TERM=linux
May 17 16:34:13 osmanubuntu kernel: [    0.950164] xhci_hcd 0000:00:04.0: xHCI Host Controller
May 17 16:34:13 osmanubuntu kernel: [    0.950402] xhci_hcd 0000:00:04.0: new USB bus registered, assigned bus number 1
May 17 16:34:13 osmanubuntu kernel: [    0.951006] xhci_hcd 0000:00:04.0: hcc params 0x00087001 hci version 0x100 quirks 0x0000000000000014
May 17 16:34:13 osmanubuntu kernel: [    0.952092] xhci_hcd 0000:00:04.0: xHCI Host Controller
May 17 16:34:13 osmanubuntu kernel: [    0.952700] xhci_hcd 0000:00:04.0: new USB bus registered, assigned bus number 2
May 17 16:34:13 osmanubuntu kernel: [    0.955903] xhci_hcd 0000:00:04.0: Host supports USB 3.0 SuperSpeed
May 17 16:34:13 osmanubuntu kernel: [    0.956344] virtio_blk virtio2: [vda] 83886080 512-byte logical blocks (42.9 GB/40.0 GiB)
May 17 16:34:13 osmanubuntu kernel: [    0.957664] usb usb1: New USB device found, idVendor=1d6b, idProduct=0002, bcdDevice= 5.15
May 17 16:34:13 osmanubuntu kernel: [    0.959869] usb usb1: New USB device strings: Mfr=3, Product=2, SerialNumber=1
May 17 16:34:13 osmanubuntu kernel: [    0.961815] usb usb1: Product: xHCI Host Controller
May 17 16:34:13 osmanubuntu kernel: [    0.962720] usb usb1: Manufacturer: Linux 5.15.0-179-generic xhci-hcd
May 17 16:34:13 osmanubuntu kernel: [    0.963720] usb usb1: SerialNumber: 0000:00:04.0
May 17 16:34:13 osmanubuntu kernel: [    0.965844] hub 1-0:1.0: USB hub found
May 17 16:34:13 osmanubuntu kernel: [    0.965854]  vda: vda1 vda2 vda3
May 17 16:34:13 osmanubuntu kernel: [    0.966513] hub 1-0:1.0: 4 ports detected
May 17 16:34:13 osmanubuntu kernel: [    0.969270] usb usb2: We don't know the algorithms for LPM for this host, disabling LPM.
May 17 16:34:13 osmanubuntu kernel: [    0.970364] usb usb2: New USB device found, idVendor=1d6b, idProduct=0003, bcdDevice= 5.15
May 17 16:34:13 osmanubuntu kernel: [    0.971582] usb usb2: New USB device strings: Mfr=3, Product=2, SerialNumber=1
May 17 16:34:13 osmanubuntu kernel: [    0.972724] usb usb2: Product: xHCI Host Controller
May 17 16:34:13 osmanubuntu kernel: [    0.973644] usb usb2: Manufacturer: Linux 5.15.0-179-generic xhci-hcd
May 17 16:34:13 osmanubuntu kernel: [    0.974817] usb usb2: SerialNumber: 0000:00:04.0
May 17 16:34:13 osmanubuntu kernel: [    0.977153] hub 2-0:1.0: USB hub found
May 17 16:34:13 osmanubuntu kernel: [    0.977944] hub 2-0:1.0: 4 ports detected
May 17 16:34:13 osmanubuntu kernel: [    0.978480] xhci_hcd 0000:00:05.0: xHCI Host Controller
May 17 16:34:13 osmanubuntu kernel: [    0.979456] xhci_hcd 0000:00:05.0: new USB bus registered, assigned bus number 3
May 17 16:34:13 osmanubuntu kernel: [    0.979823] [drm] pci: virtio-gpu-pci detected at 0000:00:02.0
May 17 16:34:13 osmanubuntu kernel: [    0.981786] [drm] features: +virgl +edid -resource_blob -host_visible
May 17 16:34:13 osmanubuntu kernel: [    0.983481] xhci_hcd 0000:00:05.0: hcc params 0x00087001 hci version 0x100 quirks 0x0000000000000010
May 17 16:34:13 osmanubuntu kernel: [    0.983667] [drm] number of scanouts: 1
May 17 16:34:13 osmanubuntu kernel: [    0.983877] [drm] number of cap sets: 2
May 17 16:34:13 osmanubuntu kernel: [    0.984502] [drm] cap set 0: id 1, max-version 1, max-size 308
May 17 16:34:13 osmanubuntu kernel: [    0.984876] [drm] cap set 1: id 2, max-version 2, max-size 1376
May 17 16:34:13 osmanubuntu kernel: [    0.985501] [drm] Initialized virtio_gpu 0.1.0 0 for virtio1 on minor 0
May 17 16:34:13 osmanubuntu kernel: [    0.986303] xhci_hcd 0000:00:05.0: xHCI Host Controller
May 17 16:34:13 osmanubuntu kernel: [    0.986916] xhci_hcd 0000:00:05.0: new USB bus registered, assigned bus number 4
May 17 16:34:13 osmanubuntu kernel: [    0.986918] xhci_hcd 0000:00:05.0: Host supports USB 3.0 SuperSpeed
May 17 16:34:13 osmanubuntu kernel: [    0.986935] fbcon: Deferring console take-over
May 17 16:34:13 osmanubuntu kernel: [    0.986981] usb usb3: New USB device found, idVendor=1d6b, idProduct=0002, bcdDevice= 5.15
May 17 16:34:13 osmanubuntu kernel: [    0.987248] virtio_gpu virtio1: [drm] fb0: virtio_gpudrmfb frame buffer device
May 17 16:34:13 osmanubuntu kernel: [    0.988694] usb usb3: New USB device strings: Mfr=3, Product=2, SerialNumber=1
May 17 16:34:13 osmanubuntu kernel: [    0.988906] usb usb3: Product: xHCI Host Controller
May 17 16:34:13 osmanubuntu kernel: [    0.989036] usb usb3: Manufacturer: Linux 5.15.0-179-generic xhci-hcd
May 17 16:34:13 osmanubuntu kernel: [    0.989203] usb usb3: SerialNumber: 0000:00:05.0
May 17 16:34:13 osmanubuntu kernel: [    0.989394] hub 3-0:1.0: USB hub found
May 17 16:34:13 osmanubuntu kernel: [    0.989519] hub 3-0:1.0: 4 ports detected
May 17 16:34:13 osmanubuntu kernel: [    0.989701] usb usb4: We don't know the algorithms for LPM for this host, disabling LPM.
May 17 16:34:13 osmanubuntu kernel: [    0.989930] usb usb4: New USB device found, idVendor=1d6b, idProduct=0003, bcdDevice= 5.15
May 17 16:34:13 osmanubuntu kernel: [    0.990167] usb usb4: New USB device strings: Mfr=3, Product=2, SerialNumber=1
May 17 16:34:13 osmanubuntu kernel: [    0.990355] usb usb4: Product: xHCI Host Controller
May 17 16:34:13 osmanubuntu kernel: [    0.990481] usb usb4: Manufacturer: Linux 5.15.0-179-generic xhci-hcd
May 17 16:34:13 osmanubuntu kernel: [    0.990646] usb usb4: SerialNumber: 0000:00:05.0
May 17 16:34:13 osmanubuntu kernel: [    0.990824] hub 4-0:1.0: USB hub found
May 17 16:34:13 osmanubuntu kernel: [    0.990905] hub 4-0:1.0: 4 ports detected
May 17 16:34:13 osmanubuntu kernel: [    0.997058] virtio_net virtio0 enp0s1: renamed from eth0
May 17 16:34:13 osmanubuntu kernel: [    1.309006] usb 1-1: new high-speed USB device number 2 using xhci_hcd
May 17 16:34:13 osmanubuntu kernel: [    1.317012] raid6: neonx8   gen() 45188 MB/s
May 17 16:34:13 osmanubuntu kernel: [    1.384985] raid6: neonx8   xor() 39045 MB/s
May 17 16:34:13 osmanubuntu kernel: [    1.453025] raid6: neonx4   gen() 45623 MB/s
May 17 16:34:13 osmanubuntu kernel: [    1.457370] usb 1-1: New USB device found, idVendor=0627, idProduct=0001, bcdDevice= 0.00
May 17 16:34:13 osmanubuntu kernel: [    1.457531] usb 1-1: New USB device strings: Mfr=1, Product=3, SerialNumber=10
May 17 16:34:13 osmanubuntu kernel: [    1.457670] usb 1-1: Product: QEMU USB Tablet
May 17 16:34:13 osmanubuntu kernel: [    1.457755] usb 1-1: Manufacturer: QEMU
May 17 16:34:13 osmanubuntu kernel: [    1.457829] usb 1-1: SerialNumber: 28754-0000:00:04.0-1
May 17 16:34:13 osmanubuntu kernel: [    1.520999] raid6: neonx4   xor() 39401 MB/s
May 17 16:34:13 osmanubuntu kernel: [    1.588993] raid6: neonx2   gen() 46264 MB/s
May 17 16:34:13 osmanubuntu kernel: [    1.589031] usb 1-2: new high-speed USB device number 3 using xhci_hcd
May 17 16:34:13 osmanubuntu kernel: [    1.656995] raid6: neonx2   xor() 39446 MB/s
May 17 16:34:13 osmanubuntu kernel: [    1.725010] raid6: neonx1   gen() 46092 MB/s
May 17 16:34:13 osmanubuntu kernel: [    1.737355] usb 1-2: New USB device found, idVendor=0627, idProduct=0001, bcdDevice= 0.00
May 17 16:34:13 osmanubuntu kernel: [    1.737513] usb 1-2: New USB device strings: Mfr=1, Product=2, SerialNumber=9
May 17 16:34:13 osmanubuntu kernel: [    1.737649] usb 1-2: Product: QEMU USB Mouse
May 17 16:34:13 osmanubuntu kernel: [    1.737730] usb 1-2: Manufacturer: QEMU
May 17 16:34:13 osmanubuntu kernel: [    1.737804] usb 1-2: SerialNumber: 89126-0000:00:04.0-2
May 17 16:34:13 osmanubuntu kernel: [    1.792995] raid6: neonx1   xor() 29626 MB/s
May 17 16:34:13 osmanubuntu kernel: [    1.861017] raid6: int64x8  gen() 23061 MB/s
May 17 16:34:13 osmanubuntu kernel: [    1.865023] usb 1-3: new high-speed USB device number 4 using xhci_hcd
May 17 16:34:13 osmanubuntu kernel: [    1.928981] raid6: int64x8  xor() 12395 MB/s
May 17 16:34:13 osmanubuntu kernel: [    1.997000] raid6: int64x4  gen() 21832 MB/s
May 17 16:34:13 osmanubuntu kernel: [    2.017295] usb 1-3: New USB device found, idVendor=0627, idProduct=0001, bcdDevice= 0.00
May 17 16:34:13 osmanubuntu kernel: [    2.017454] usb 1-3: New USB device strings: Mfr=1, Product=4, SerialNumber=11
May 17 16:34:13 osmanubuntu kernel: [    2.017593] usb 1-3: Product: QEMU USB Keyboard
May 17 16:34:13 osmanubuntu kernel: [    2.017680] usb 1-3: Manufacturer: QEMU
May 17 16:34:13 osmanubuntu kernel: [    2.017755] usb 1-3: SerialNumber: 68284-0000:00:04.0-3
May 17 16:34:13 osmanubuntu kernel: [    2.065007] raid6: int64x4  xor() 11480 MB/s
May 17 16:34:13 osmanubuntu kernel: [    2.133005] raid6: int64x2  gen() 18918 MB/s
May 17 16:34:13 osmanubuntu kernel: [    2.149011] usb 1-4: new full-speed USB device number 5 using xhci_hcd
May 17 16:34:13 osmanubuntu kernel: [    2.201014] raid6: int64x2  xor() 10278 MB/s
May 17 16:34:13 osmanubuntu kernel: [    2.269000] raid6: int64x1  gen() 16591 MB/s
May 17 16:34:13 osmanubuntu kernel: [    2.301413] usb 1-4: New USB device found, idVendor=0409, idProduct=55aa, bcdDevice= 1.01
May 17 16:34:13 osmanubuntu kernel: [    2.301570] usb 1-4: New USB device strings: Mfr=1, Product=2, SerialNumber=3
May 17 16:34:13 osmanubuntu kernel: [    2.301706] usb 1-4: Product: QEMU USB Hub
May 17 16:34:13 osmanubuntu kernel: [    2.301784] usb 1-4: Manufacturer: QEMU
May 17 16:34:13 osmanubuntu kernel: [    2.301857] usb 1-4: SerialNumber: 314159-0000:00:04.0-4
May 17 16:34:13 osmanubuntu kernel: [    2.302344] hub 1-4:1.0: USB hub found
May 17 16:34:13 osmanubuntu kernel: [    2.302465] hub 1-4:1.0: 8 ports detected
May 17 16:34:13 osmanubuntu kernel: [    2.304734] hid: raw HID events driver (C) Jiri Kosina
May 17 16:34:13 osmanubuntu kernel: [    2.306085] usbcore: registered new interface driver usbhid
May 17 16:34:13 osmanubuntu kernel: [    2.306219] usbhid: USB HID core driver
May 17 16:34:13 osmanubuntu kernel: [    2.307124] input: QEMU QEMU USB Tablet as /devices/pci0000:00/0000:00:04.0/usb1/1-1/1-1:1.0/0003:0627:0001.0001/input/input1
May 17 16:34:13 osmanubuntu kernel: [    2.307511] hid-generic 0003:0627:0001.0001: input,hidraw0: USB HID v0.01 Mouse [QEMU QEMU USB Tablet] on usb-0000:00:04.0-1/input0
May 17 16:34:13 osmanubuntu kernel: [    2.307827] input: QEMU QEMU USB Mouse as /devices/pci0000:00/0000:00:04.0/usb1/1-2/1-2:1.0/0003:0627:0001.0002/input/input2
May 17 16:34:13 osmanubuntu kernel: [    2.308211] hid-generic 0003:0627:0001.0002: input,hidraw1: USB HID v0.01 Mouse [QEMU QEMU USB Mouse] on usb-0000:00:04.0-2/input0
May 17 16:34:13 osmanubuntu kernel: [    2.308606] input: QEMU QEMU USB Keyboard as /devices/pci0000:00/0000:00:04.0/usb1/1-3/1-3:1.0/0003:0627:0001.0003/input/input3
May 17 16:34:13 osmanubuntu kernel: [    2.336991] raid6: int64x1  xor()  8967 MB/s
May 17 16:34:13 osmanubuntu kernel: [    2.337115] raid6: using algorithm neonx2 gen() 46264 MB/s
May 17 16:34:13 osmanubuntu kernel: [    2.337222] raid6: .... xor() 39446 MB/s, rmw enabled
May 17 16:34:13 osmanubuntu kernel: [    2.337320] raid6: using neon recovery algorithm
May 17 16:34:13 osmanubuntu kernel: [    2.338165] xor: measuring software checksum speed
May 17 16:34:13 osmanubuntu kernel: [    2.338327]    8regs           : 46675 MB/sec
May 17 16:34:13 osmanubuntu kernel: [    2.338459]    32regs          : 67014 MB/sec
May 17 16:34:13 osmanubuntu kernel: [    2.338587]    arm64_neon      : 72371 MB/sec
May 17 16:34:13 osmanubuntu kernel: [    2.338670] xor: using function: arm64_neon (72371 MB/sec)
May 17 16:34:13 osmanubuntu kernel: [    2.339115] async_tx: api initialized (async)
May 17 16:34:13 osmanubuntu kernel: [    2.373177] hid-generic 0003:0627:0001.0003: input,hidraw2: USB HID v1.11 Keyboard [QEMU QEMU USB Keyboard] on usb-0000:00:04.0-3/input0
May 17 16:34:13 osmanubuntu kernel: [    2.441377] Btrfs loaded, crc32c=crc32c-generic, zoned=yes, fsverity=yes
May 17 16:34:13 osmanubuntu kernel: [    2.542211] EXT4-fs (dm-0): mounted filesystem with ordered data mode. Opts: (null). Quota mode: none.
May 17 16:34:13 osmanubuntu kernel: [    2.596252] usb 1-4.1: new full-speed USB device number 6 using xhci_hcd
May 17 16:34:13 osmanubuntu kernel: [    2.700366] usb 1-4.1: not running at top speed; connect to a high speed hub
May 17 16:34:13 osmanubuntu kernel: [    2.700758] usb 1-4.1: New USB device found, idVendor=46f4, idProduct=0001, bcdDevice= 0.00
May 17 16:34:13 osmanubuntu kernel: [    2.700963] usb 1-4.1: New USB device strings: Mfr=1, Product=2, SerialNumber=3
May 17 16:34:13 osmanubuntu kernel: [    2.701105] usb 1-4.1: Product: QEMU USB HARDDRIVE
May 17 16:34:13 osmanubuntu kernel: [    2.701199] usb 1-4.1: Manufacturer: QEMU
May 17 16:34:13 osmanubuntu kernel: [    2.701290] usb 1-4.1: SerialNumber: 1-0000:00:04.0-4.1
May 17 16:34:13 osmanubuntu kernel: [    2.764931] pstore: Using crash dump compression: deflate
May 17 16:34:13 osmanubuntu kernel: [    2.765040] pstore: Registered efi as persistent store backend
May 17 16:34:13 osmanubuntu kernel: [    2.772287] EXT4-fs (dm-0): re-mounted. Opts: (null). Quota mode: none.
May 17 16:34:13 osmanubuntu kernel: [    2.777052] alua: device handler registered
May 17 16:34:13 osmanubuntu kernel: [    2.777670] emc: device handler registered
May 17 16:34:13 osmanubuntu kernel: [    2.778553] rdac: device handler registered
May 17 16:34:13 osmanubuntu kernel: [    2.803249] loop0: detected capacity change from 0 to 8
May 17 16:34:13 osmanubuntu kernel: [    2.803842] loop1: detected capacity change from 0 to 122368
May 17 16:34:13 osmanubuntu kernel: [    2.804733] loop2: detected capacity change from 0 to 69032
May 17 16:34:13 osmanubuntu kernel: [    2.948739] EXT4-fs (vda2): mounted filesystem with ordered data mode. Opts: (null). Quota mode: none.
May 17 16:34:13 osmanubuntu kernel: [    2.971746] usb-storage 1-4.1:1.0: USB Mass Storage device detected
May 17 16:34:13 osmanubuntu kernel: [    2.977318] scsi host0: usb-storage 1-4.1:1.0
May 17 16:34:13 osmanubuntu kernel: [    2.977588] usbcore: registered new interface driver usb-storage
May 17 16:34:13 osmanubuntu kernel: [    2.981113] usbcore: registered new interface driver uas
May 17 16:34:13 osmanubuntu kernel: [    2.983150] snd_hda_intel 0000:00:03.0: enabling device (0000 -> 0002)
May 17 16:34:13 osmanubuntu kernel: [    2.983265] snd_hda_intel 0000:00:03.0: Force to snoop mode by module option
May 17 16:34:13 osmanubuntu kernel: [    2.993108] audit: type=1400 audit(1779035651.868:2): apparmor="STATUS" operation="profile_load" profile="unconfined" name="lsb_release" pid=606 comm="apparmor_parser"
May 17 16:34:13 osmanubuntu kernel: [    2.994245] audit: type=1400 audit(1779035651.868:3): apparmor="STATUS" operation="profile_load" profile="unconfined" name="nvidia_modprobe" pid=608 comm="apparmor_parser"
May 17 16:34:13 osmanubuntu kernel: [    2.994247] audit: type=1400 audit(1779035651.868:4): apparmor="STATUS" operation="profile_load" profile="unconfined" name="nvidia_modprobe//kmod" pid=608 comm="apparmor_parser"
May 17 16:34:13 osmanubuntu kernel: [    3.001830] audit: type=1400 audit(1779035651.872:5): apparmor="STATUS" operation="profile_load" profile="unconfined" name="/usr/lib/NetworkManager/nm-dhcp-client.action" pid=609 comm="apparmor_parser"
May 17 16:34:13 osmanubuntu kernel: [    3.001832] audit: type=1400 audit(1779035651.872:6): apparmor="STATUS" operation="profile_load" profile="unconfined" name="/usr/lib/NetworkManager/nm-dhcp-helper" pid=609 comm="apparmor_parser"
May 17 16:34:13 osmanubuntu kernel: [    3.001833] audit: type=1400 audit(1779035651.872:7): apparmor="STATUS" operation="profile_load" profile="unconfined" name="/usr/lib/connman/scripts/dhclient-script" pid=609 comm="apparmor_parser"
May 17 16:34:13 osmanubuntu kernel: [    3.001834] audit: type=1400 audit(1779035651.872:8): apparmor="STATUS" operation="profile_load" profile="unconfined" name="/{,usr/}sbin/dhclient" pid=609 comm="apparmor_parser"
May 17 16:34:13 osmanubuntu kernel: [    3.002393] audit: type=1400 audit(1779035651.872:9): apparmor="STATUS" operation="profile_load" profile="unconfined" name="ubuntu_pro_apt_news" pid=610 comm="apparmor_parser"
May 17 16:34:13 osmanubuntu kernel: [    3.004865] audit: type=1400 audit(1779035651.876:10): apparmor="STATUS" operation="profile_load" profile="unconfined" name="/usr/bin/man" pid=642 comm="apparmor_parser"
May 17 16:34:13 osmanubuntu kernel: [    3.057794] snd_hda_codec_generic hdaudioC0D0: autoconfig for Generic: line_outs=1 (0x3/0x0/0x0/0x0/0x0) type:line
May 17 16:34:13 osmanubuntu kernel: [    3.057797] snd_hda_codec_generic hdaudioC0D0:    speaker_outs=0 (0x0/0x0/0x0/0x0/0x0)
May 17 16:34:13 osmanubuntu kernel: [    3.057798] snd_hda_codec_generic hdaudioC0D0:    hp_outs=0 (0x0/0x0/0x0/0x0/0x0)
May 17 16:34:13 osmanubuntu kernel: [    3.057799] snd_hda_codec_generic hdaudioC0D0:    mono: mono_out=0x0
May 17 16:34:13 osmanubuntu kernel: [    3.057799] snd_hda_codec_generic hdaudioC0D0:    inputs:
May 17 16:34:13 osmanubuntu kernel: [    3.057799] snd_hda_codec_generic hdaudioC0D0:      Line=0x5
May 17 16:34:13 osmanubuntu kernel: [    3.989858] scsi 0:0:0:0: CD-ROM            QEMU     QEMU CD-ROM      2.5+ PQ: 0 ANSI: 5
May 17 16:34:13 osmanubuntu kernel: [    3.991354] sr 0:0:0:0: [sr0] scsi3-mmc drive: 16x/50x cd/rw xa/form2 cdda tray
May 17 16:34:13 osmanubuntu kernel: [    3.991362] cdrom: Uniform CD-ROM driver Revision: 3.20
May 17 16:34:13 osmanubuntu kernel: [    3.994945] sr 0:0:0:0: Attached scsi CD-ROM sr0
May 17 16:34:13 osmanubuntu kernel: [    3.995225] sr 0:0:0:0: Attached scsi generic sg0 type 5
May 17 16:34:13 osmanubuntu kernel: [    5.107087] loop3: detected capacity change from 0 to 8
May 17 16:34:14 osmanubuntu kernel: [    5.218862] kauditd_printk_skb: 34 callbacks suppressed
May 17 16:34:14 osmanubuntu kernel: [    5.218864] audit: type=1400 audit(1779035654.088:45): apparmor="STATUS" operation="profile_replace" profile="unconfined" name="/usr/lib/snapd/snap-confine" pid=901 comm="apparmor_parser"
May 17 16:34:14 osmanubuntu kernel: [    5.237605] audit: type=1400 audit(1779035654.112:46): apparmor="STATUS" operation="profile_replace" profile="unconfined" name="/usr/lib/snapd/snap-confine//mount-namespace-capture-helper" pid=901 comm="apparmor_parser"
May 17 16:34:24 osmanubuntu kernel: [   15.352726] virtio_gpu virtio1: [drm] drm_plane_enable_fb_damage_clips() not called
May 17 16:34:25 osmanubuntu kernel: [   16.266557] rfkill: input handler disabled
May 17 16:34:25 osmanubuntu kernel: [   16.612590] input: spice vdagent tablet as /devices/virtual/input/input4
May 17 16:59:37 osmanubuntu kernel: [    0.000000] Booting Linux on physical CPU 0x0000000000 [0x610f0000]
May 17 16:59:37 osmanubuntu kernel: [    0.000000] Linux version 5.15.0-179-generic (buildd@bos03-arm64-021) (gcc (Ubuntu 11.4.0-1ubuntu1~22.04.3) 11.4.0, GNU ld (GNU Binutils for Ubuntu) 2.38) #189-Ubuntu SMP Thu May 7 16:39:18 UTC 2026 (Ubuntu 5.15.0-179.189-generic 5.15.199)
May 17 16:59:37 osmanubuntu kernel: [    0.000000] efi: EFI v2.70 by EDK II
May 17 16:59:37 osmanubuntu kernel: [    0.000000] efi: SMBIOS 3.0=0x23f810000 MEMATTR=0x23e803118 ACPI 2.0=0x23c150018 MOKvar=0x23c060000 RNG=0x23c15e698 MEMRESERVE=0x23c483618 
May 17 16:59:37 osmanubuntu kernel: [    0.000000] random: crng init done
May 17 16:59:37 osmanubuntu kernel: [    0.000000] secureboot: Secure boot disabled
May 17 16:59:37 osmanubuntu kernel: [    0.000000] ACPI: Early table checksum verification disabled
May 17 16:59:37 osmanubuntu kernel: [    0.000000] ACPI: RSDP 0x000000023C150018 000024 (v02 BOCHS )
May 17 16:59:37 osmanubuntu kernel: [    0.000000] ACPI: XSDT 0x000000023C15FE98 00006C (v01 BOCHS  BXPC     00000001      01000013)
May 17 16:59:37 osmanubuntu kernel: [    0.000000] ACPI: FACP 0x000000023C15FA98 000114 (v06 BOCHS  BXPC     00000001 BXPC 00000001)
May 17 16:59:37 osmanubuntu kernel: [    0.000000] ACPI: DSDT 0x000000023C157518 0014A2 (v02 BOCHS  BXPC     00000001 BXPC 00000001)
May 17 16:59:37 osmanubuntu kernel: [    0.000000] ACPI: APIC 0x000000023C15FC18 00019C (v04 BOCHS  BXPC     00000001 BXPC 00000001)
May 17 16:59:37 osmanubuntu kernel: [    0.000000] ACPI: PPTT 0x000000023C15D898 000088 (v02 BOCHS  BXPC     00000001 BXPC 00000001)
May 17 16:59:37 osmanubuntu kernel: [    0.000000] ACPI: GTDT 0x000000023C15E818 000068 (v03 BOCHS  BXPC     00000001 BXPC 00000001)
May 17 16:59:37 osmanubuntu kernel: [    0.000000] ACPI: MCFG 0x000000023C15E918 00003C (v01 BOCHS  BXPC     00000001 BXPC 00000001)
May 17 16:59:37 osmanubuntu kernel: [    0.000000] ACPI: SPCR 0x000000023C15FF98 000050 (v02 BOCHS  BXPC     00000001 BXPC 00000001)
May 17 16:59:37 osmanubuntu kernel: [    0.000000] ACPI: DBG2 0x000000023C15E418 000057 (v00 BOCHS  BXPC     00000001 BXPC 00000001)
May 17 16:59:37 osmanubuntu kernel: [    0.000000] ACPI: IORT 0x000000023C15E718 000080 (v03 BOCHS  BXPC     00000001 BXPC 00000001)
May 17 16:59:37 osmanubuntu kernel: [    0.000000] ACPI: BGRT 0x000000023C15E498 000038 (v01 INTEL  EDK2     00000002      01000013)
May 17 16:59:37 osmanubuntu kernel: [    0.000000] ACPI: SPCR: console: pl011,mmio32,0x9000000,9600
May 17 16:59:37 osmanubuntu kernel: [    0.000000] NUMA: Failed to initialise from firmware
May 17 16:59:37 osmanubuntu kernel: [    0.000000] NUMA: Faking a node at [mem 0x0000000040000000-0x000000023fffffff]
May 17 16:59:37 osmanubuntu kernel: [    0.000000] NUMA: NODE_DATA [mem 0x23ee49f80-0x23ee4efff]
May 17 16:59:37 osmanubuntu kernel: [    0.000000] Zone ranges:
May 17 16:59:37 osmanubuntu kernel: [    0.000000]   DMA      [mem 0x0000000040000000-0x00000000ffffffff]
May 17 16:59:37 osmanubuntu kernel: [    0.000000]   DMA32    empty
May 17 16:59:37 osmanubuntu kernel: [    0.000000]   Normal   [mem 0x0000000100000000-0x000000023fffffff]
May 17 16:59:37 osmanubuntu kernel: [    0.000000]   Device   empty
May 17 16:59:37 osmanubuntu kernel: [    0.000000] Movable zone start for each node
May 17 16:59:37 osmanubuntu kernel: [    0.000000] Early memory node ranges
May 17 16:59:37 osmanubuntu kernel: [    0.000000]   node   0: [mem 0x0000000040000000-0x000000023c05ffff]
May 17 16:59:37 osmanubuntu kernel: [    0.000000]   node   0: [mem 0x000000023c060000-0x000000023c06ffff]
May 17 16:59:37 osmanubuntu kernel: [    0.000000]   node   0: [mem 0x000000023c070000-0x000000023c15ffff]
May 17 16:59:37 osmanubuntu kernel: [    0.000000]   node   0: [mem 0x000000023c160000-0x000000023c47ffff]
May 17 16:59:37 osmanubuntu kernel: [    0.000000]   node   0: [mem 0x000000023c480000-0x000000023f75ffff]
May 17 16:59:37 osmanubuntu kernel: [    0.000000]   node   0: [mem 0x000000023f760000-0x000000023f7effff]
May 17 16:59:37 osmanubuntu kernel: [    0.000000]   node   0: [mem 0x000000023f7f0000-0x000000023f7fffff]
May 17 16:59:37 osmanubuntu kernel: [    0.000000]   node   0: [mem 0x000000023f800000-0x000000023f91ffff]
May 17 16:59:37 osmanubuntu kernel: [    0.000000]   node   0: [mem 0x000000023f920000-0x000000023fffffff]
May 17 16:59:37 osmanubuntu kernel: [    0.000000] Initmem setup node 0 [mem 0x0000000040000000-0x000000023fffffff]
May 17 16:59:37 osmanubuntu kernel: [    0.000000] cma: Reserved 32 MiB at 0x00000000fe000000
May 17 16:59:37 osmanubuntu kernel: [    0.000000] psci: probing for conduit method from ACPI.
May 17 16:59:37 osmanubuntu kernel: [    0.000000] psci: PSCIv1.1 detected in firmware.
May 17 16:59:37 osmanubuntu kernel: [    0.000000] psci: Using standard PSCI v0.2 function IDs
May 17 16:59:37 osmanubuntu kernel: [    0.000000] psci: Trusted OS migration not required
May 17 16:59:37 osmanubuntu kernel: [    0.000000] psci: SMC Calling Convention v1.0
May 17 16:59:37 osmanubuntu kernel: [    0.000000] ACPI: SRAT not present
May 17 16:59:37 osmanubuntu kernel: [    0.000000] percpu: Embedded 31 pages/cpu s88792 r8192 d29992 u126976
May 17 16:59:37 osmanubuntu kernel: [    0.000000] pcpu-alloc: s88792 r8192 d29992 u126976 alloc=31*4096
May 17 16:59:37 osmanubuntu kernel: [    0.000000] pcpu-alloc: [0] 0 [0] 1 [0] 2 [0] 3 
May 17 16:59:37 osmanubuntu kernel: [    0.000000] Detected PIPT I-cache on CPU0
May 17 16:59:37 osmanubuntu kernel: [    0.000000] CPU features: detected: Address authentication (IMP DEF algorithm)
May 17 16:59:37 osmanubuntu kernel: [    0.000000] CPU features: detected: Spectre-v4
May 17 16:59:37 osmanubuntu kernel: [    0.000000] CPU features: detected: Spectre-BHB
May 17 16:59:37 osmanubuntu kernel: [    0.000000] alternatives: patching kernel code
May 17 16:59:37 osmanubuntu kernel: [    0.000000] Built 1 zonelists, mobility grouping on.  Total pages: 2064384
May 17 16:59:37 osmanubuntu kernel: [    0.000000] Policy zone: Normal
May 17 16:59:37 osmanubuntu kernel: [    0.000000] Kernel command line: BOOT_IMAGE=/vmlinuz-5.15.0-179-generic root=/dev/mapper/ubuntu--vg-ubuntu--lv ro
May 17 16:59:37 osmanubuntu kernel: [    0.000000] Dentry cache hash table entries: 1048576 (order: 11, 8388608 bytes, linear)
May 17 16:59:37 osmanubuntu kernel: [    0.000000] Inode-cache hash table entries: 524288 (order: 10, 4194304 bytes, linear)
May 17 16:59:37 osmanubuntu kernel: [    0.000000] mem auto-init: stack:off, heap alloc:on, heap free:off
May 17 16:59:37 osmanubuntu kernel: [    0.000000] software IO TLB: mapped [mem 0x00000000fa000000-0x00000000fe000000] (64MB)
May 17 16:59:37 osmanubuntu kernel: [    0.000000] Memory: 7972880K/8388608K available (17536K kernel code, 4602K rwdata, 14112K rodata, 9664K init, 1193K bss, 382960K reserved, 32768K cma-reserved)
May 17 16:59:37 osmanubuntu kernel: [    0.000000] SLUB: HWalign=64, Order=0-3, MinObjects=0, CPUs=4, Nodes=1
May 17 16:59:37 osmanubuntu kernel: [    0.000000] ftrace: allocating 54682 entries in 214 pages
May 17 16:59:37 osmanubuntu kernel: [    0.000000] ftrace: allocated 214 pages with 5 groups
May 17 16:59:37 osmanubuntu kernel: [    0.000000] trace event string verifier disabled
May 17 16:59:37 osmanubuntu kernel: [    0.000000] rcu: Hierarchical RCU implementation.
May 17 16:59:37 osmanubuntu kernel: [    0.000000] rcu: 	RCU restricting CPUs from NR_CPUS=256 to nr_cpu_ids=4.
May 17 16:59:37 osmanubuntu kernel: [    0.000000] 	Rude variant of Tasks RCU enabled.
May 17 16:59:37 osmanubuntu kernel: [    0.000000] 	Tracing variant of Tasks RCU enabled.
May 17 16:59:37 osmanubuntu kernel: [    0.000000] rcu: RCU calculated value of scheduler-enlistment delay is 25 jiffies.
May 17 16:59:37 osmanubuntu kernel: [    0.000000] rcu: Adjusting geometry for rcu_fanout_leaf=16, nr_cpu_ids=4
May 17 16:59:37 osmanubuntu kernel: [    0.000000] NR_IRQS: 64, nr_irqs: 64, preallocated irqs: 0
May 17 16:59:37 osmanubuntu kernel: [    0.000000] Root IRQ handler: gic_handle_irq
May 17 16:59:37 osmanubuntu kernel: [    0.000000] GICv2m: ACPI overriding V2M MSI_TYPER (base:80, num:64)
May 17 16:59:37 osmanubuntu kernel: [    0.000000] GICv2m: range[mem 0x08020000-0x08020fff], SPI[80:143]
May 17 16:59:37 osmanubuntu kernel: [    0.000000] arch_timer: cp15 timer(s) running at 24.00MHz (virt).
May 17 16:59:37 osmanubuntu kernel: [    0.000000] clocksource: arch_sys_counter: mask: 0xffffffffffffff max_cycles: 0x588fe9dc0, max_idle_ns: 440795202592 ns
May 17 16:59:37 osmanubuntu kernel: [    0.000000] sched_clock: 56 bits at 24MHz, resolution 41ns, wraps every 4398046511097ns
May 17 16:59:37 osmanubuntu kernel: [    0.000025] Console: colour dummy device 80x25
May 17 16:59:37 osmanubuntu kernel: [    0.000034] ACPI: Core revision 20210730
May 17 16:59:37 osmanubuntu kernel: [    0.000054] Calibrating delay loop (skipped), value calculated using timer frequency.. 48.00 BogoMIPS (lpj=96000)
May 17 16:59:37 osmanubuntu kernel: [    0.000055] pid_max: default: 32768 minimum: 301
May 17 16:59:37 osmanubuntu kernel: [    0.000065] LSM: Security Framework initializing
May 17 16:59:37 osmanubuntu kernel: [    0.000068] landlock: Up and running.
May 17 16:59:37 osmanubuntu kernel: [    0.000068] Yama: becoming mindful.
May 17 16:59:37 osmanubuntu kernel: [    0.000079] AppArmor: AppArmor initialized
May 17 16:59:37 osmanubuntu kernel: [    0.000100] Mount-cache hash table entries: 16384 (order: 5, 131072 bytes, linear)
May 17 16:59:37 osmanubuntu kernel: [    0.000111] Mountpoint-cache hash table entries: 16384 (order: 5, 131072 bytes, linear)
May 17 16:59:37 osmanubuntu kernel: [    0.000312] rcu: Hierarchical SRCU implementation.
May 17 16:59:37 osmanubuntu kernel: [    0.000403] Remapping and enabling EFI services.
May 17 16:59:37 osmanubuntu kernel: [    0.000510] smp: Bringing up secondary CPUs ...
May 17 16:59:37 osmanubuntu kernel: [    0.000673] Detected PIPT I-cache on CPU1
May 17 16:59:37 osmanubuntu kernel: [    0.000839] CPU1: Booted secondary processor 0x0000000001 [0x610f0000]
May 17 16:59:37 osmanubuntu kernel: [    0.001152] Detected PIPT I-cache on CPU2
May 17 16:59:37 osmanubuntu kernel: [    0.001298] CPU2: Booted secondary processor 0x0000000002 [0x610f0000]
May 17 16:59:37 osmanubuntu kernel: [    0.001557] Detected PIPT I-cache on CPU3
May 17 16:59:37 osmanubuntu kernel: [    0.001659] CPU3: Booted secondary processor 0x0000000003 [0x610f0000]
May 17 16:59:37 osmanubuntu kernel: [    0.001793] smp: Brought up 1 node, 4 CPUs
May 17 16:59:37 osmanubuntu kernel: [    0.001795] SMP: Total of 4 processors activated.
May 17 16:59:37 osmanubuntu kernel: [    0.001795] CPU features: detected: Branch Target Identification
May 17 16:59:37 osmanubuntu kernel: [    0.001796] CPU features: detected: ARMv8.4 Translation Table Level
May 17 16:59:37 osmanubuntu kernel: [    0.001796] CPU features: detected: Data cache clean to the PoU not required for I/D coherence
May 17 16:59:37 osmanubuntu kernel: [    0.001797] CPU features: detected: Common not Private translations
May 17 16:59:37 osmanubuntu kernel: [    0.001797] CPU features: detected: CRC32 instructions
May 17 16:59:37 osmanubuntu kernel: [    0.001797] CPU features: detected: Data cache clean to Point of Deep Persistence
May 17 16:59:37 osmanubuntu kernel: [    0.001798] CPU features: detected: Data cache clean to Point of Persistence
May 17 16:59:37 osmanubuntu kernel: [    0.001798] CPU features: detected: E0PD
May 17 16:59:37 osmanubuntu kernel: [    0.001798] CPU features: detected: Enhanced Privileged Access Never
May 17 16:59:37 osmanubuntu kernel: [    0.001799] CPU features: detected: Generic authentication (IMP DEF algorithm)
May 17 16:59:37 osmanubuntu kernel: [    0.001799] CPU features: detected: RCpc load-acquire (LDAPR)
May 17 16:59:37 osmanubuntu kernel: [    0.001799] CPU features: detected: LSE atomic instructions
May 17 16:59:37 osmanubuntu kernel: [    0.001800] CPU features: detected: Privileged Access Never
May 17 16:59:37 osmanubuntu kernel: [    0.001800] CPU features: detected: RAS Extension Support
May 17 16:59:37 osmanubuntu kernel: [    0.001800] CPU features: detected: Speculation barrier (SB)
May 17 16:59:37 osmanubuntu kernel: [    0.001800] CPU features: detected: TLB range maintenance instructions
May 17 16:59:37 osmanubuntu kernel: [    0.016523] CPU: All CPU(s) started at EL1
May 17 16:59:37 osmanubuntu kernel: [    0.017091] devtmpfs: initialized
May 17 16:59:37 osmanubuntu kernel: [    0.017356] setend instruction emulation is not supported on this system
May 17 16:59:37 osmanubuntu kernel: [    0.017455] KASLR enabled
May 17 16:59:37 osmanubuntu kernel: [    0.017469] clocksource: jiffies: mask: 0xffffffff max_cycles: 0xffffffff, max_idle_ns: 7645041785100000 ns
May 17 16:59:37 osmanubuntu kernel: [    0.017476] futex hash table entries: 1024 (order: 4, 65536 bytes, linear)
May 17 16:59:37 osmanubuntu kernel: [    0.017534] pinctrl core: initialized pinctrl subsystem
May 17 16:59:37 osmanubuntu kernel: [    0.017591] SMBIOS 3.0.0 present.
May 17 16:59:37 osmanubuntu kernel: [    0.017592] DMI: QEMU QEMU Virtual Machine, BIOS 0.0.0 02/06/2015
May 17 16:59:37 osmanubuntu kernel: [    0.017715] NET: Registered PF_NETLINK/PF_ROUTE protocol family
May 17 16:59:37 osmanubuntu kernel: [    0.019809] DMA: preallocated 1024 KiB GFP_KERNEL pool for atomic allocations
May 17 16:59:37 osmanubuntu kernel: [    0.020025] DMA: preallocated 1024 KiB GFP_KERNEL|GFP_DMA pool for atomic allocations
May 17 16:59:37 osmanubuntu kernel: [    0.020298] DMA: preallocated 1024 KiB GFP_KERNEL|GFP_DMA32 pool for atomic allocations
May 17 16:59:37 osmanubuntu kernel: [    0.020309] audit: initializing netlink subsys (disabled)
May 17 16:59:37 osmanubuntu kernel: [    0.020385] audit: type=2000 audit(0.020:1): state=initialized audit_enabled=0 res=1
May 17 16:59:37 osmanubuntu kernel: [    0.020431] thermal_sys: Registered thermal governor 'fair_share'
May 17 16:59:37 osmanubuntu kernel: [    0.020432] thermal_sys: Registered thermal governor 'bang_bang'
May 17 16:59:37 osmanubuntu kernel: [    0.020432] thermal_sys: Registered thermal governor 'step_wise'
May 17 16:59:37 osmanubuntu kernel: [    0.020432] thermal_sys: Registered thermal governor 'user_space'
May 17 16:59:37 osmanubuntu kernel: [    0.020433] thermal_sys: Registered thermal governor 'power_allocator'
May 17 16:59:37 osmanubuntu kernel: [    0.020436] cpuidle: using governor ladder
May 17 16:59:37 osmanubuntu kernel: [    0.020438] cpuidle: using governor menu
May 17 16:59:37 osmanubuntu kernel: [    0.020446] hw-breakpoint: found 6 breakpoint and 4 watchpoint registers.
May 17 16:59:37 osmanubuntu kernel: [    0.020773] ASID allocator initialised with 65536 entries
May 17 16:59:37 osmanubuntu kernel: [    0.020832] ACPI: bus type PCI registered
May 17 16:59:37 osmanubuntu kernel: [    0.020833] acpiphp: ACPI Hot Plug PCI Controller Driver version: 0.5
May 17 16:59:37 osmanubuntu kernel: [    0.020862] Serial: AMBA PL011 UART driver
May 17 16:59:37 osmanubuntu kernel: [    0.021729] HugeTLB registered 1.00 GiB page size, pre-allocated 0 pages
May 17 16:59:37 osmanubuntu kernel: [    0.021730] HugeTLB registered 32.0 MiB page size, pre-allocated 0 pages
May 17 16:59:37 osmanubuntu kernel: [    0.021731] HugeTLB registered 2.00 MiB page size, pre-allocated 0 pages
May 17 16:59:37 osmanubuntu kernel: [    0.021731] HugeTLB registered 64.0 KiB page size, pre-allocated 0 pages
May 17 16:59:37 osmanubuntu kernel: [    0.029600] ACPI: Added _OSI(Module Device)
May 17 16:59:37 osmanubuntu kernel: [    0.029601] ACPI: Added _OSI(Processor Device)
May 17 16:59:37 osmanubuntu kernel: [    0.029601] ACPI: Added _OSI(Processor Aggregator Device)
May 17 16:59:37 osmanubuntu kernel: [    0.029601] ACPI: Added _OSI(Linux-Dell-Video)
May 17 16:59:37 osmanubuntu kernel: [    0.029602] ACPI: Added _OSI(Linux-Lenovo-NV-HDMI-Audio)
May 17 16:59:37 osmanubuntu kernel: [    0.029602] ACPI: Added _OSI(Linux-HPI-Hybrid-Graphics)
May 17 16:59:37 osmanubuntu kernel: [    0.029798] ACPI: 1 ACPI AML tables successfully acquired and loaded
May 17 16:59:37 osmanubuntu kernel: [    0.029871] ACPI: Interpreter enabled
May 17 16:59:37 osmanubuntu kernel: [    0.029871] ACPI: Using GIC for interrupt routing
May 17 16:59:37 osmanubuntu kernel: [    0.029874] ACPI: MCFG table detected, 1 entries
May 17 16:59:37 osmanubuntu kernel: [    0.030355] ARMH0011:00: ttyAMA0 at MMIO 0x9000000 (irq = 12, base_baud = 0) is a SBSA
May 17 16:59:37 osmanubuntu kernel: [    0.263049] printk: console [ttyAMA0] enabled
May 17 16:59:37 osmanubuntu kernel: [    0.264283] ACPI: PCI: Interrupt link L000 configured for IRQ 35
May 17 16:59:37 osmanubuntu kernel: [    0.265585] ACPI: PCI: Interrupt link L001 configured for IRQ 36
May 17 16:59:37 osmanubuntu kernel: [    0.268185] ACPI: PCI: Interrupt link L002 configured for IRQ 37
May 17 16:59:37 osmanubuntu kernel: [    0.269958] ACPI: PCI: Interrupt link L003 configured for IRQ 38
May 17 16:59:37 osmanubuntu kernel: [    0.270944] ACPI: PCI Root Bridge [PCI0] (domain 0000 [bus 00-ff])
May 17 16:59:37 osmanubuntu kernel: [    0.273127] acpi PNP0A08:00: _OSC: OS supports [ExtendedConfig ASPM ClockPM Segments MSI EDR HPX-Type3]
May 17 16:59:37 osmanubuntu kernel: [    0.275073] acpi PNP0A08:00: _OSC: platform does not support [LTR DPC]
May 17 16:59:37 osmanubuntu kernel: [    0.277987] acpi PNP0A08:00: _OSC: OS now controls [PCIeHotplug SHPCHotplug PME AER PCIeCapability]
May 17 16:59:37 osmanubuntu kernel: [    0.279989] acpi PNP0A08:00: ECAM area [mem 0x4010000000-0x401fffffff] reserved by PNP0C02:00
May 17 16:59:37 osmanubuntu kernel: [    0.282234] acpi PNP0A08:00: ECAM at [mem 0x4010000000-0x401fffffff] for [bus 00-ff]
May 17 16:59:37 osmanubuntu kernel: [    0.284444] ACPI: Remapped I/O 0x000000003eff0000 to [io  0x0000-0xffff window]
May 17 16:59:37 osmanubuntu kernel: [    0.286545] PCI host bridge to bus 0000:00
May 17 16:59:37 osmanubuntu kernel: [    0.287557] pci_bus 0000:00: root bus resource [mem 0x10000000-0x3efeffff window]
May 17 16:59:37 osmanubuntu kernel: [    0.289255] pci_bus 0000:00: root bus resource [io  0x0000-0xffff window]
May 17 16:59:37 osmanubuntu kernel: [    0.290834] pci_bus 0000:00: root bus resource [mem 0x8000000000-0xffffffffff window]
May 17 16:59:37 osmanubuntu kernel: [    0.293004] pci_bus 0000:00: root bus resource [bus 00-ff]
May 17 16:59:37 osmanubuntu kernel: [    0.294283] pci 0000:00:00.0: [1b36:0008] type 00 class 0x060000
May 17 16:59:37 osmanubuntu kernel: [    0.295540] pci 0000:00:01.0: [1af4:1000] type 00 class 0x020000
May 17 16:59:37 osmanubuntu kernel: [    0.297585] pci 0000:00:01.0: reg 0x10: [io  0x00e0-0x00ff]
May 17 16:59:37 osmanubuntu kernel: [    0.299129] pci 0000:00:01.0: reg 0x14: [mem 0x10048000-0x10048fff]
May 17 16:59:37 osmanubuntu kernel: [    0.299991] pci 0000:00:01.0: reg 0x20: [mem 0x8000000000-0x8000003fff 64bit pref]
May 17 16:59:37 osmanubuntu kernel: [    0.301267] pci 0000:00:01.0: reg 0x30: [mem 0xfffc0000-0xffffffff pref]
May 17 16:59:37 osmanubuntu kernel: [    0.303307] pci 0000:00:02.0: [1af4:1050] type 00 class 0x038000
May 17 16:59:37 osmanubuntu kernel: [    0.306152] pci 0000:00:02.0: reg 0x14: [mem 0x10047000-0x10047fff]
May 17 16:59:37 osmanubuntu kernel: [    0.307664] pci 0000:00:02.0: reg 0x20: [mem 0x8000004000-0x8000007fff 64bit pref]
May 17 16:59:37 osmanubuntu kernel: [    0.309603] pci 0000:00:03.0: [8086:2668] type 00 class 0x040300
May 17 16:59:37 osmanubuntu kernel: [    0.311313] pci 0000:00:03.0: reg 0x10: [mem 0x10040000-0x10043fff]
May 17 16:59:37 osmanubuntu kernel: [    0.312498] pci 0000:00:04.0: [1033:0194] type 00 class 0x0c0330
May 17 16:59:37 osmanubuntu kernel: [    0.314175] pci 0000:00:04.0: reg 0x10: [mem 0x8000018000-0x800001bfff 64bit]
May 17 16:59:37 osmanubuntu kernel: [    0.315112] pci 0000:00:04.0: enabling Extended Tags
May 17 16:59:37 osmanubuntu kernel: [    0.316130] pci 0000:00:05.0: [1b36:000d] type 00 class 0x0c0330
May 17 16:59:37 osmanubuntu kernel: [    0.317035] pci 0000:00:05.0: reg 0x10: [mem 0x8000014000-0x8000017fff 64bit]
May 17 16:59:37 osmanubuntu kernel: [    0.318016] pci 0000:00:05.0: enabling Extended Tags
May 17 16:59:37 osmanubuntu kernel: [    0.319760] pci 0000:00:06.0: [1af4:1001] type 00 class 0x010000
May 17 16:59:37 osmanubuntu kernel: [    0.321235] pci 0000:00:06.0: reg 0x10: [io  0x0000-0x007f]
May 17 16:59:37 osmanubuntu kernel: [    0.322186] pci 0000:00:06.0: reg 0x14: [mem 0x10046000-0x10046fff]
May 17 16:59:37 osmanubuntu kernel: [    0.323613] pci 0000:00:06.0: reg 0x20: [mem 0x8000008000-0x800000bfff 64bit pref]
May 17 16:59:37 osmanubuntu kernel: [    0.327194] pci 0000:00:07.0: [1af4:1003] type 00 class 0x078000
May 17 16:59:37 osmanubuntu kernel: [    0.328186] pci 0000:00:07.0: reg 0x10: [io  0x0080-0x00bf]
May 17 16:59:37 osmanubuntu kernel: [    0.329151] pci 0000:00:07.0: reg 0x14: [mem 0x10045000-0x10045fff]
May 17 16:59:37 osmanubuntu kernel: [    0.330178] pci 0000:00:07.0: reg 0x20: [mem 0x800000c000-0x800000ffff 64bit pref]
May 17 16:59:37 osmanubuntu kernel: [    0.333188] pci 0000:00:08.0: [1af4:1005] type 00 class 0x00ff00
May 17 16:59:37 osmanubuntu kernel: [    0.334643] pci 0000:00:08.0: reg 0x10: [io  0x00c0-0x00df]
May 17 16:59:37 osmanubuntu kernel: [    0.336027] pci 0000:00:08.0: reg 0x14: [mem 0x10044000-0x10044fff]
May 17 16:59:37 osmanubuntu kernel: [    0.337260] pci 0000:00:08.0: reg 0x20: [mem 0x8000010000-0x8000013fff 64bit pref]
May 17 16:59:37 osmanubuntu kernel: [    0.339789] pci 0000:00:01.0: BAR 6: assigned [mem 0x10000000-0x1003ffff pref]
May 17 16:59:37 osmanubuntu kernel: [    0.341373] pci 0000:00:01.0: BAR 4: assigned [mem 0x8000000000-0x8000003fff 64bit pref]
May 17 16:59:37 osmanubuntu kernel: [    0.343413] pci 0000:00:02.0: BAR 4: assigned [mem 0x8000004000-0x8000007fff 64bit pref]
May 17 16:59:37 osmanubuntu kernel: [    0.345062] pci 0000:00:03.0: BAR 0: assigned [mem 0x10040000-0x10043fff]
May 17 16:59:37 osmanubuntu kernel: [    0.346756] pci 0000:00:04.0: BAR 0: assigned [mem 0x8000008000-0x800000bfff 64bit]
May 17 16:59:37 osmanubuntu kernel: [    0.348701] pci 0000:00:05.0: BAR 0: assigned [mem 0x800000c000-0x800000ffff 64bit]
May 17 16:59:37 osmanubuntu kernel: [    0.351236] pci 0000:00:06.0: BAR 4: assigned [mem 0x8000010000-0x8000013fff 64bit pref]
May 17 16:59:37 osmanubuntu kernel: [    0.352518] pci 0000:00:07.0: BAR 4: assigned [mem 0x8000014000-0x8000017fff 64bit pref]
May 17 16:59:37 osmanubuntu kernel: [    0.353823] pci 0000:00:08.0: BAR 4: assigned [mem 0x8000018000-0x800001bfff 64bit pref]
May 17 16:59:37 osmanubuntu kernel: [    0.354846] pci 0000:00:01.0: BAR 1: assigned [mem 0x10044000-0x10044fff]
May 17 16:59:37 osmanubuntu kernel: [    0.356531] pci 0000:00:02.0: BAR 1: assigned [mem 0x10045000-0x10045fff]
May 17 16:59:37 osmanubuntu kernel: [    0.358557] pci 0000:00:06.0: BAR 1: assigned [mem 0x10046000-0x10046fff]
May 17 16:59:37 osmanubuntu kernel: [    0.360100] pci 0000:00:07.0: BAR 1: assigned [mem 0x10047000-0x10047fff]
May 17 16:59:37 osmanubuntu kernel: [    0.361397] pci 0000:00:08.0: BAR 1: assigned [mem 0x10048000-0x10048fff]
May 17 16:59:37 osmanubuntu kernel: [    0.362238] pci 0000:00:06.0: BAR 0: assigned [io  0x1000-0x107f]
May 17 16:59:37 osmanubuntu kernel: [    0.363109] pci 0000:00:07.0: BAR 0: assigned [io  0x1080-0x10bf]
May 17 16:59:37 osmanubuntu kernel: [    0.363691] pci 0000:00:01.0: BAR 0: assigned [io  0x10c0-0x10df]
May 17 16:59:37 osmanubuntu kernel: [    0.364630] pci 0000:00:08.0: BAR 0: assigned [io  0x10e0-0x10ff]
May 17 16:59:37 osmanubuntu kernel: [    0.365983] pci_bus 0000:00: resource 4 [mem 0x10000000-0x3efeffff window]
May 17 16:59:37 osmanubuntu kernel: [    0.366897] pci_bus 0000:00: resource 5 [io  0x0000-0xffff window]
May 17 16:59:37 osmanubuntu kernel: [    0.368180] pci_bus 0000:00: resource 6 [mem 0x8000000000-0xffffffffff window]
May 17 16:59:37 osmanubuntu kernel: [    0.370729] iommu: Default domain type: Translated 
May 17 16:59:37 osmanubuntu kernel: [    0.371273] iommu: DMA domain TLB invalidation policy: strict mode 
May 17 16:59:37 osmanubuntu kernel: [    0.372318] SCSI subsystem initialized
May 17 16:59:37 osmanubuntu kernel: [    0.372945] libata version 3.00 loaded.
May 17 16:59:37 osmanubuntu kernel: [    0.373010] vgaarb: loaded
May 17 16:59:37 osmanubuntu kernel: [    0.373462] ACPI: bus type USB registered
May 17 16:59:37 osmanubuntu kernel: [    0.373935] usbcore: registered new interface driver usbfs
May 17 16:59:37 osmanubuntu kernel: [    0.374486] usbcore: registered new interface driver hub
May 17 16:59:37 osmanubuntu kernel: [    0.375733] usbcore: registered new device driver usb
May 17 16:59:37 osmanubuntu kernel: [    0.377132] pps_core: LinuxPPS API ver. 1 registered
May 17 16:59:37 osmanubuntu kernel: [    0.378381] pps_core: Software ver. 5.3.6 - Copyright 2005-2007 Rodolfo Giometti <giometti@linux.it>
May 17 16:59:37 osmanubuntu kernel: [    0.380703] PTP clock support registered
May 17 16:59:37 osmanubuntu kernel: [    0.381480] EDAC MC: Ver: 3.0.0
May 17 16:59:37 osmanubuntu kernel: [    0.382082] Registered efivars operations
May 17 16:59:37 osmanubuntu kernel: [    0.383077] NetLabel: Initializing
May 17 16:59:37 osmanubuntu kernel: [    0.383623] NetLabel:  domain hash size = 128
May 17 16:59:37 osmanubuntu kernel: [    0.384249] NetLabel:  protocols = UNLABELED CIPSOv4 CALIPSO
May 17 16:59:37 osmanubuntu kernel: [    0.384860] NetLabel:  unlabeled traffic allowed by default
May 17 16:59:37 osmanubuntu kernel: [    0.386116] clocksource: Switched to clocksource arch_sys_counter
May 17 16:59:37 osmanubuntu kernel: [    0.390492] VFS: Disk quotas dquot_6.6.0
May 17 16:59:37 osmanubuntu kernel: [    0.391542] VFS: Dquot-cache hash table entries: 512 (order 0, 4096 bytes)
May 17 16:59:37 osmanubuntu kernel: [    0.392480] AppArmor: AppArmor Filesystem Enabled
May 17 16:59:37 osmanubuntu kernel: [    0.393283] pnp: PnP ACPI init
May 17 16:59:37 osmanubuntu kernel: [    0.393882] system 00:00: [mem 0x4010000000-0x401fffffff window] could not be reserved
May 17 16:59:37 osmanubuntu kernel: [    0.395858] pnp: PnP ACPI: found 1 devices
May 17 16:59:37 osmanubuntu kernel: [    0.407800] NET: Registered PF_INET protocol family
May 17 16:59:37 osmanubuntu kernel: [    0.409438] IP idents hash table entries: 131072 (order: 8, 1048576 bytes, linear)
May 17 16:59:37 osmanubuntu kernel: [    0.411995] tcp_listen_portaddr_hash hash table entries: 4096 (order: 4, 65536 bytes, linear)
May 17 16:59:37 osmanubuntu kernel: [    0.414291] Table-perturb hash table entries: 65536 (order: 6, 262144 bytes, linear)
May 17 16:59:37 osmanubuntu kernel: [    0.416711] TCP established hash table entries: 65536 (order: 7, 524288 bytes, linear)
May 17 16:59:37 osmanubuntu kernel: [    0.418917] TCP bind hash table entries: 65536 (order: 8, 1048576 bytes, linear)
May 17 16:59:37 osmanubuntu kernel: [    0.421041] TCP: Hash tables configured (established 65536 bind 65536)
May 17 16:59:37 osmanubuntu kernel: [    0.422075] MPTCP token hash table entries: 8192 (order: 6, 196608 bytes, linear)
May 17 16:59:37 osmanubuntu kernel: [    0.423265] UDP hash table entries: 4096 (order: 5, 131072 bytes, linear)
May 17 16:59:37 osmanubuntu kernel: [    0.424447] UDP-Lite hash table entries: 4096 (order: 5, 131072 bytes, linear)
May 17 16:59:37 osmanubuntu kernel: [    0.425813] NET: Registered PF_UNIX/PF_LOCAL protocol family
May 17 16:59:37 osmanubuntu kernel: [    0.427003] NET: Registered PF_XDP protocol family
May 17 16:59:37 osmanubuntu kernel: [    0.428142] pci 0000:00:04.0: enabling device (0000 -> 0002)
May 17 16:59:37 osmanubuntu kernel: [    0.429033] pci 0000:00:05.0: enabling device (0000 -> 0002)
May 17 16:59:37 osmanubuntu kernel: [    0.429606] PCI: CLS 0 bytes, default 64
May 17 16:59:37 osmanubuntu kernel: [    0.430700] Trying to unpack rootfs image as initramfs...
May 17 16:59:37 osmanubuntu kernel: [    0.442404] kvm [1]: HYP mode not available
May 17 16:59:37 osmanubuntu kernel: [    0.443797] Initialise system trusted keyrings
May 17 16:59:37 osmanubuntu kernel: [    0.444143] Key type blacklist registered
May 17 16:59:37 osmanubuntu kernel: [    0.444802] workingset: timestamp_bits=40 max_order=21 bucket_order=0
May 17 16:59:37 osmanubuntu kernel: [    0.446235] zbud: loaded
May 17 16:59:37 osmanubuntu kernel: [    0.446988] squashfs: version 4.0 (2009/01/31) Phillip Lougher
May 17 16:59:37 osmanubuntu kernel: [    0.448199] fuse: init (API version 7.34)
May 17 16:59:37 osmanubuntu kernel: [    0.448922] integrity: Platform Keyring initialized
May 17 16:59:37 osmanubuntu kernel: [    0.455088] Key type asymmetric registered
May 17 16:59:37 osmanubuntu kernel: [    0.455705] Asymmetric key parser 'x509' registered
May 17 16:59:37 osmanubuntu kernel: [    0.456658] Block layer SCSI generic (bsg) driver version 0.4 loaded (major 242)
May 17 16:59:37 osmanubuntu kernel: [    0.458475] io scheduler mq-deadline registered
May 17 16:59:37 osmanubuntu kernel: [    0.459643] shpchp: Standard Hot Plug PCI Controller Driver version: 0.4
May 17 16:59:37 osmanubuntu kernel: [    0.461400] input: Power Button as /devices/LNXSYSTM:00/LNXSYBUS:00/PNP0C0C:00/input/input0
May 17 16:59:37 osmanubuntu kernel: [    0.462711] ACPI: button: Power Button [PWRB]
May 17 16:59:37 osmanubuntu kernel: [    0.464814] ACPI: \_SB_.L001: Enabled at IRQ 36
May 17 16:59:37 osmanubuntu kernel: [    0.465939] virtio-pci 0000:00:01.0: enabling device (0000 -> 0003)
May 17 16:59:37 osmanubuntu kernel: [    0.467789] ACPI: \_SB_.L002: Enabled at IRQ 37
May 17 16:59:37 osmanubuntu kernel: [    0.471463] virtio-pci 0000:00:06.0: enabling device (0005 -> 0007)
May 17 16:59:37 osmanubuntu kernel: [    0.472723] ACPI: \_SB_.L003: Enabled at IRQ 38
May 17 16:59:37 osmanubuntu kernel: [    0.473039] virtio-pci 0000:00:07.0: enabling device (0000 -> 0003)
May 17 16:59:37 osmanubuntu kernel: [    0.474035] ACPI: \_SB_.L000: Enabled at IRQ 35
May 17 16:59:37 osmanubuntu kernel: [    0.474419] virtio-pci 0000:00:08.0: enabling device (0005 -> 0007)
May 17 16:59:37 osmanubuntu kernel: [    0.475549] Serial: 8250/16550 driver, 32 ports, IRQ sharing enabled
May 17 16:59:37 osmanubuntu kernel: [    0.479581] SuperH (H)SCI(F) driver initialized
May 17 16:59:37 osmanubuntu kernel: [    0.480330] msm_serial: driver initialized
May 17 16:59:37 osmanubuntu kernel: [    0.489596] loop: module loaded
May 17 16:59:37 osmanubuntu kernel: [    0.490444] SPI driver altr_a10sr has no spi_device_id for altr,a10sr
May 17 16:59:37 osmanubuntu kernel: [    0.490853] tun: Universal TUN/TAP device driver, 1.6
May 17 16:59:37 osmanubuntu kernel: [    0.491167] PPP generic driver version 2.4.2
May 17 16:59:37 osmanubuntu kernel: [    0.491398] ehci_hcd: USB 2.0 'Enhanced' Host Controller (EHCI) Driver
May 17 16:59:37 osmanubuntu kernel: [    0.491732] ehci-pci: EHCI PCI platform driver
May 17 16:59:37 osmanubuntu kernel: [    0.491967] ehci-orion: EHCI orion driver
May 17 16:59:37 osmanubuntu kernel: [    0.492202] ohci_hcd: USB 1.1 'Open' Host Controller (OHCI) Driver
May 17 16:59:37 osmanubuntu kernel: [    0.492495] ohci-pci: OHCI PCI platform driver
May 17 16:59:37 osmanubuntu kernel: [    0.492745] uhci_hcd: USB Universal Host Controller Interface driver
May 17 16:59:37 osmanubuntu kernel: [    0.493165] mousedev: PS/2 mouse device common for all mice
May 17 16:59:37 osmanubuntu kernel: [    0.493812] rtc-efi rtc-efi.0: registered as rtc0
May 17 16:59:37 osmanubuntu kernel: [    0.494520] rtc-efi rtc-efi.0: setting system clock to 2026-05-17T16:59:32 UTC (1779037172)
May 17 16:59:37 osmanubuntu kernel: [    0.494993] i2c_dev: i2c /dev entries driver
May 17 16:59:37 osmanubuntu kernel: [    0.495267] device-mapper: core: CONFIG_IMA_DISABLE_HTABLE is disabled. Duplicate IMA measurements will not be recorded in the IMA log.
May 17 16:59:37 osmanubuntu kernel: [    0.496002] device-mapper: uevent: version 1.0.3
May 17 16:59:37 osmanubuntu kernel: [    0.496240] device-mapper: ioctl: 4.45.0-ioctl (2021-03-22) initialised: dm-devel@redhat.com
May 17 16:59:37 osmanubuntu kernel: [    0.497090] ledtrig-cpu: registered to indicate activity on CPUs
May 17 16:59:37 osmanubuntu kernel: [    0.498061] drop_monitor: Initializing network drop monitor service
May 17 16:59:37 osmanubuntu kernel: [    0.498675] NET: Registered PF_INET6 protocol family
May 17 16:59:37 osmanubuntu kernel: [    0.717433] Freeing initrd memory: 103820K
May 17 16:59:37 osmanubuntu kernel: [    0.723318] Segment Routing with IPv6
May 17 16:59:37 osmanubuntu kernel: [    0.723494] In-situ OAM (IOAM) with IPv6
May 17 16:59:37 osmanubuntu kernel: [    0.723722] NET: Registered PF_PACKET protocol family
May 17 16:59:37 osmanubuntu kernel: [    0.724044] Key type dns_resolver registered
May 17 16:59:37 osmanubuntu kernel: [    0.724372] registered taskstats version 1
May 17 16:59:37 osmanubuntu kernel: [    0.725248] Loading compiled-in X.509 certificates
May 17 16:59:37 osmanubuntu kernel: [    0.726556] Loaded X.509 cert 'Build time autogenerated kernel key: ff18566744b262d4d040947ec559aee7439f707c'
May 17 16:59:37 osmanubuntu kernel: [    0.727487] Loaded X.509 cert 'Canonical Ltd. Live Patch Signing 2025 Kmod: d541cef61dc7e793b7eb7e899970a2eef0b5dc8c'
May 17 16:59:37 osmanubuntu kernel: [    0.728694] Loaded X.509 cert 'Canonical Ltd. Live Patch Signing: 14df34d1a87cf37625abec039ef2bf521249b969'
May 17 16:59:37 osmanubuntu kernel: [    0.729577] Loaded X.509 cert 'Canonical Ltd. Kernel Module Signing 2025 Kmod: 4627603d2357a2a3f81006370894c221175893e9'
May 17 16:59:37 osmanubuntu kernel: [    0.730621] Loaded X.509 cert 'Canonical Ltd. Kernel Module Signing: 88f752e560a1e0737e31163a466ad7b70a850c19'
May 17 16:59:37 osmanubuntu kernel: [    0.731280] blacklist: Loading compiled-in revocation X.509 certificates
May 17 16:59:37 osmanubuntu kernel: [    0.731650] Loaded X.509 cert 'Canonical Ltd. Secure Boot Signing: 61482aa2830d0ab2ad5af10b7250da9033ddcef0'
May 17 16:59:37 osmanubuntu kernel: [    0.732171] Loaded X.509 cert 'Canonical Ltd. Secure Boot Signing (2017): 242ade75ac4a15e50d50c84b0d45ff3eae707a03'
May 17 16:59:37 osmanubuntu kernel: [    0.732669] Loaded X.509 cert 'Canonical Ltd. Secure Boot Signing (ESM 2018): 365188c1d374d6b07c3c8f240f8ef722433d6a8b'
May 17 16:59:37 osmanubuntu kernel: [    0.733166] Loaded X.509 cert 'Canonical Ltd. Secure Boot Signing (2019): c0746fd6c5da3ae827864651ad66ae47fe24b3e8'
May 17 16:59:37 osmanubuntu kernel: [    0.733715] Loaded X.509 cert 'Canonical Ltd. Secure Boot Signing (2021 v1): a8d54bbb3825cfb94fa13c9f8a594a195c107b8d'
May 17 16:59:37 osmanubuntu kernel: [    0.734522] Loaded X.509 cert 'Canonical Ltd. Secure Boot Signing (2021 v2): 4cf046892d6fd3c9a5b03f98d845f90851dc6a8c'
May 17 16:59:37 osmanubuntu kernel: [    0.735284] Loaded X.509 cert 'Canonical Ltd. Secure Boot Signing (2021 v3): 100437bb6de6e469b581e61cd66bce3ef4ed53af'
May 17 16:59:37 osmanubuntu kernel: [    0.736166] Loaded X.509 cert 'Canonical Ltd. Secure Boot Signing (Ubuntu Core 2019): c1d57b8f6b743f23ee41f4f7ee292f06eecadfb9'
May 17 16:59:37 osmanubuntu kernel: [    0.736803] zswap: loaded using pool lzo/zbud
May 17 16:59:37 osmanubuntu kernel: [    0.738455] Key type .fscrypt registered
May 17 16:59:37 osmanubuntu kernel: [    0.739173] Key type fscrypt-provisioning registered
May 17 16:59:37 osmanubuntu kernel: [    0.747984] cryptd: max_cpu_qlen set to 1000
May 17 16:59:37 osmanubuntu kernel: [    0.759292] Key type encrypted registered
May 17 16:59:37 osmanubuntu kernel: [    0.759465] AppArmor: AppArmor sha1 policy hashing enabled
May 17 16:59:37 osmanubuntu kernel: [    0.759918] integrity: Loading X.509 certificate: UEFI:MokListRT (MOKvar table)
May 17 16:59:37 osmanubuntu kernel: [    0.760744] integrity: Loaded X.509 cert 'Canonical Ltd. Master Certificate Authority: ad91990bc22ab1f517048c23b6655a268e345a63'
May 17 16:59:37 osmanubuntu kernel: [    0.762453] ima: No TPM chip found, activating TPM-bypass!
May 17 16:59:37 osmanubuntu kernel: [    0.762696] Loading compiled-in module X.509 certificates
May 17 16:59:37 osmanubuntu kernel: [    0.763113] Loaded X.509 cert 'Build time autogenerated kernel key: ff18566744b262d4d040947ec559aee7439f707c'
May 17 16:59:37 osmanubuntu kernel: [    0.763583] ima: Allocated hash algorithm: sha1
May 17 16:59:37 osmanubuntu kernel: [    0.763776] ima: No architecture policies found
May 17 16:59:37 osmanubuntu kernel: [    0.764024] evm: Initialising EVM extended attributes:
May 17 16:59:37 osmanubuntu kernel: [    0.764241] evm: security.selinux
May 17 16:59:37 osmanubuntu kernel: [    0.764383] evm: security.SMACK64
May 17 16:59:37 osmanubuntu kernel: [    0.764523] evm: security.SMACK64EXEC
May 17 16:59:37 osmanubuntu kernel: [    0.764680] evm: security.SMACK64TRANSMUTE
May 17 16:59:37 osmanubuntu kernel: [    0.764872] evm: security.SMACK64MMAP
May 17 16:59:37 osmanubuntu kernel: [    0.765029] evm: security.apparmor
May 17 16:59:37 osmanubuntu kernel: [    0.765186] evm: security.ima
May 17 16:59:37 osmanubuntu kernel: [    0.765418] evm: security.capability
May 17 16:59:37 osmanubuntu kernel: [    0.765568] evm: HMAC attrs: 0x1
May 17 16:59:37 osmanubuntu kernel: [    0.766913] clk: Disabling unused clocks
May 17 16:59:37 osmanubuntu kernel: [    0.769629] Freeing unused kernel memory: 9664K
May 17 16:59:37 osmanubuntu kernel: [    0.776250] Checked W+X mappings: passed, no W+X pages found
May 17 16:59:37 osmanubuntu kernel: [    0.776502] Run /init as init process
May 17 16:59:37 osmanubuntu kernel: [    0.776664]   with arguments:
May 17 16:59:37 osmanubuntu kernel: [    0.776665]     /init
May 17 16:59:37 osmanubuntu kernel: [    0.776665]   with environment:
May 17 16:59:37 osmanubuntu kernel: [    0.776665]     HOME=/
May 17 16:59:37 osmanubuntu kernel: [    0.776665]     TERM=linux
May 17 16:59:37 osmanubuntu kernel: [    0.826939] xhci_hcd 0000:00:04.0: xHCI Host Controller
May 17 16:59:37 osmanubuntu kernel: [    0.828008] xhci_hcd 0000:00:04.0: new USB bus registered, assigned bus number 1
May 17 16:59:37 osmanubuntu kernel: [    0.830449] xhci_hcd 0000:00:04.0: hcc params 0x00087001 hci version 0x100 quirks 0x0000000000000014
May 17 16:59:37 osmanubuntu kernel: [    0.834698] xhci_hcd 0000:00:04.0: xHCI Host Controller
May 17 16:59:37 osmanubuntu kernel: [    0.835590] xhci_hcd 0000:00:04.0: new USB bus registered, assigned bus number 2
May 17 16:59:37 osmanubuntu kernel: [    0.836807] xhci_hcd 0000:00:04.0: Host supports USB 3.0 SuperSpeed
May 17 16:59:37 osmanubuntu kernel: [    0.838008] usb usb1: New USB device found, idVendor=1d6b, idProduct=0002, bcdDevice= 5.15
May 17 16:59:37 osmanubuntu kernel: [    0.839487] usb usb1: New USB device strings: Mfr=3, Product=2, SerialNumber=1
May 17 16:59:37 osmanubuntu kernel: [    0.840924] usb usb1: Product: xHCI Host Controller
May 17 16:59:37 osmanubuntu kernel: [    0.841664] usb usb1: Manufacturer: Linux 5.15.0-179-generic xhci-hcd
May 17 16:59:37 osmanubuntu kernel: [    0.842646] usb usb1: SerialNumber: 0000:00:04.0
May 17 16:59:37 osmanubuntu kernel: [    0.846410] [drm] pci: virtio-gpu-pci detected at 0000:00:02.0
May 17 16:59:37 osmanubuntu kernel: [    0.846552] [drm] features: +virgl +edid -resource_blob -host_visible
May 17 16:59:37 osmanubuntu kernel: [    0.846849] hub 1-0:1.0: USB hub found
May 17 16:59:37 osmanubuntu kernel: [    0.851211] hub 1-0:1.0: 4 ports detected
May 17 16:59:37 osmanubuntu kernel: [    0.852346] virtio_blk virtio2: [vda] 83886080 512-byte logical blocks (42.9 GB/40.0 GiB)
May 17 16:59:37 osmanubuntu kernel: [    0.853959] [drm] number of scanouts: 1
May 17 16:59:37 osmanubuntu kernel: [    0.854342] [drm] number of cap sets: 2
May 17 16:59:37 osmanubuntu kernel: [    0.854375]  vda: vda1 vda2 vda3
May 17 16:59:37 osmanubuntu kernel: [    0.854786] [drm] cap set 0: id 1, max-version 1, max-size 308
May 17 16:59:37 osmanubuntu kernel: [    0.854797] usb usb2: We don't know the algorithms for LPM for this host, disabling LPM.
May 17 16:59:37 osmanubuntu kernel: [    0.854805] usb usb2: New USB device found, idVendor=1d6b, idProduct=0003, bcdDevice= 5.15
May 17 16:59:37 osmanubuntu kernel: [    0.854806] usb usb2: New USB device strings: Mfr=3, Product=2, SerialNumber=1
May 17 16:59:37 osmanubuntu kernel: [    0.854807] usb usb2: Product: xHCI Host Controller
May 17 16:59:37 osmanubuntu kernel: [    0.854807] usb usb2: Manufacturer: Linux 5.15.0-179-generic xhci-hcd
May 17 16:59:37 osmanubuntu kernel: [    0.854807] usb usb2: SerialNumber: 0000:00:04.0
May 17 16:59:37 osmanubuntu kernel: [    0.854853] hub 2-0:1.0: USB hub found
May 17 16:59:37 osmanubuntu kernel: [    0.855915] [drm] cap set 1: id 2, max-version 2, max-size 1376
May 17 16:59:37 osmanubuntu kernel: [    0.855930] hub 2-0:1.0: 4 ports detected
May 17 16:59:37 osmanubuntu kernel: [    0.856437] [drm] Initialized virtio_gpu 0.1.0 0 for virtio1 on minor 0
May 17 16:59:37 osmanubuntu kernel: [    0.856594] xhci_hcd 0000:00:05.0: xHCI Host Controller
May 17 16:59:37 osmanubuntu kernel: [    0.856824] xhci_hcd 0000:00:05.0: new USB bus registered, assigned bus number 3
May 17 16:59:37 osmanubuntu kernel: [    0.857238] fbcon: Deferring console take-over
May 17 16:59:37 osmanubuntu kernel: [    0.857348] virtio_gpu virtio1: [drm] fb0: virtio_gpudrmfb frame buffer device
May 17 16:59:37 osmanubuntu kernel: [    0.858237] xhci_hcd 0000:00:05.0: hcc params 0x00087001 hci version 0x100 quirks 0x0000000000000010
May 17 16:59:37 osmanubuntu kernel: [    0.858592] xhci_hcd 0000:00:05.0: xHCI Host Controller
May 17 16:59:37 osmanubuntu kernel: [    0.858695] xhci_hcd 0000:00:05.0: new USB bus registered, assigned bus number 4
May 17 16:59:37 osmanubuntu kernel: [    0.858879] xhci_hcd 0000:00:05.0: Host supports USB 3.0 SuperSpeed
May 17 16:59:37 osmanubuntu kernel: [    0.859046] usb usb3: New USB device found, idVendor=1d6b, idProduct=0002, bcdDevice= 5.15
May 17 16:59:37 osmanubuntu kernel: [    0.859248] usb usb3: New USB device strings: Mfr=3, Product=2, SerialNumber=1
May 17 16:59:37 osmanubuntu kernel: [    0.859431] usb usb3: Product: xHCI Host Controller
May 17 16:59:37 osmanubuntu kernel: [    0.859526] usb usb3: Manufacturer: Linux 5.15.0-179-generic xhci-hcd
May 17 16:59:37 osmanubuntu kernel: [    0.859671] usb usb3: SerialNumber: 0000:00:05.0
May 17 16:59:37 osmanubuntu kernel: [    0.859957] hub 3-0:1.0: USB hub found
May 17 16:59:37 osmanubuntu kernel: [    0.860070] hub 3-0:1.0: 4 ports detected
May 17 16:59:37 osmanubuntu kernel: [    0.860217] usb usb4: We don't know the algorithms for LPM for this host, disabling LPM.
May 17 16:59:37 osmanubuntu kernel: [    0.860409] usb usb4: New USB device found, idVendor=1d6b, idProduct=0003, bcdDevice= 5.15
May 17 16:59:37 osmanubuntu kernel: [    0.860632] usb usb4: New USB device strings: Mfr=3, Product=2, SerialNumber=1
May 17 16:59:37 osmanubuntu kernel: [    0.860839] usb usb4: Product: xHCI Host Controller
May 17 16:59:37 osmanubuntu kernel: [    0.860970] usb usb4: Manufacturer: Linux 5.15.0-179-generic xhci-hcd
May 17 16:59:37 osmanubuntu kernel: [    0.861163] usb usb4: SerialNumber: 0000:00:05.0
May 17 16:59:37 osmanubuntu kernel: [    0.861347] hub 4-0:1.0: USB hub found
May 17 16:59:37 osmanubuntu kernel: [    0.861465] hub 4-0:1.0: 4 ports detected
May 17 16:59:37 osmanubuntu kernel: [    0.863672] virtio_net virtio0 enp0s1: renamed from eth0
May 17 16:59:37 osmanubuntu kernel: [    1.170121] raid6: neonx8   gen() 45026 MB/s
May 17 16:59:37 osmanubuntu kernel: [    1.238121] raid6: neonx8   xor() 38930 MB/s
May 17 16:59:37 osmanubuntu kernel: [    1.306130] raid6: neonx4   gen() 45273 MB/s
May 17 16:59:37 osmanubuntu kernel: [    1.374157] raid6: neonx4   xor() 38641 MB/s
May 17 16:59:37 osmanubuntu kernel: [    1.442133] raid6: neonx2   gen() 45256 MB/s
May 17 16:59:37 osmanubuntu kernel: [    1.510129] raid6: neonx2   xor() 38232 MB/s
May 17 16:59:37 osmanubuntu kernel: [    1.578123] raid6: neonx1   gen() 44622 MB/s
May 17 16:59:37 osmanubuntu kernel: [    1.646154] raid6: neonx1   xor() 28849 MB/s
May 17 16:59:37 osmanubuntu kernel: [    1.714148] raid6: int64x8  gen() 22394 MB/s
May 17 16:59:37 osmanubuntu kernel: [    1.782128] raid6: int64x8  xor() 12071 MB/s
May 17 16:59:37 osmanubuntu kernel: [    1.850142] raid6: int64x4  gen() 21202 MB/s
May 17 16:59:37 osmanubuntu kernel: [    1.918142] raid6: int64x4  xor() 11556 MB/s
May 17 16:59:37 osmanubuntu kernel: [    1.986133] raid6: int64x2  gen() 18505 MB/s
May 17 16:59:37 osmanubuntu kernel: [    2.054133] raid6: int64x2  xor()  9975 MB/s
May 17 16:59:37 osmanubuntu kernel: [    2.122126] raid6: int64x1  gen() 16139 MB/s
May 17 16:59:37 osmanubuntu kernel: [    2.190130] raid6: int64x1  xor()  8846 MB/s
May 17 16:59:37 osmanubuntu kernel: [    2.190866] raid6: using algorithm neonx4 gen() 45273 MB/s
May 17 16:59:37 osmanubuntu kernel: [    2.191838] raid6: .... xor() 38641 MB/s, rmw enabled
May 17 16:59:37 osmanubuntu kernel: [    2.192537] raid6: using neon recovery algorithm
May 17 16:59:37 osmanubuntu kernel: [    2.194218] xor: measuring software checksum speed
May 17 16:59:37 osmanubuntu kernel: [    2.194892]    8regs           : 45436 MB/sec
May 17 16:59:37 osmanubuntu kernel: [    2.195384]    32regs          : 65075 MB/sec
May 17 16:59:37 osmanubuntu kernel: [    2.196110]    arm64_neon      : 70747 MB/sec
May 17 16:59:37 osmanubuntu kernel: [    2.196769] xor: using function: arm64_neon (70747 MB/sec)
May 17 16:59:37 osmanubuntu kernel: [    2.197764] async_tx: api initialized (async)
May 17 16:59:37 osmanubuntu kernel: [    2.250910] usb 1-1: new high-speed USB device number 2 using xhci_hcd
May 17 16:59:37 osmanubuntu kernel: [    2.294447] Btrfs loaded, crc32c=crc32c-generic, zoned=yes, fsverity=yes
May 17 16:59:37 osmanubuntu kernel: [    2.399255] usb 1-1: New USB device found, idVendor=0627, idProduct=0001, bcdDevice= 0.00
May 17 16:59:37 osmanubuntu kernel: [    2.399724] usb 1-1: New USB device strings: Mfr=1, Product=3, SerialNumber=10
May 17 16:59:37 osmanubuntu kernel: [    2.400062] usb 1-1: Product: QEMU USB Tablet
May 17 16:59:37 osmanubuntu kernel: [    2.400237] usb 1-1: Manufacturer: QEMU
May 17 16:59:37 osmanubuntu kernel: [    2.400397] usb 1-1: SerialNumber: 28754-0000:00:04.0-1
May 17 16:59:37 osmanubuntu kernel: [    2.482487] EXT4-fs (dm-0): mounted filesystem with ordered data mode. Opts: (null). Quota mode: none.
May 17 16:59:37 osmanubuntu kernel: [    2.530148] usb 1-2: new high-speed USB device number 3 using xhci_hcd
May 17 16:59:37 osmanubuntu kernel: [    2.688020] usb 1-2: New USB device found, idVendor=0627, idProduct=0001, bcdDevice= 0.00
May 17 16:59:37 osmanubuntu kernel: [    2.689454] usb 1-2: New USB device strings: Mfr=1, Product=2, SerialNumber=9
May 17 16:59:37 osmanubuntu kernel: [    2.690546] usb 1-2: Product: QEMU USB Mouse
May 17 16:59:37 osmanubuntu kernel: [    2.691521] usb 1-2: Manufacturer: QEMU
May 17 16:59:37 osmanubuntu kernel: [    2.692150] usb 1-2: SerialNumber: 89126-0000:00:04.0-2
May 17 16:59:37 osmanubuntu kernel: [    2.823018] usb 1-3: new high-speed USB device number 4 using xhci_hcd
May 17 16:59:37 osmanubuntu kernel: [    2.979588] usb 1-3: New USB device found, idVendor=0627, idProduct=0001, bcdDevice= 0.00
May 17 16:59:37 osmanubuntu kernel: [    2.981010] usb 1-3: New USB device strings: Mfr=1, Product=4, SerialNumber=11
May 17 16:59:37 osmanubuntu kernel: [    2.982769] usb 1-3: Product: QEMU USB Keyboard
May 17 16:59:37 osmanubuntu kernel: [    2.984542] usb 1-3: Manufacturer: QEMU
May 17 16:59:37 osmanubuntu kernel: [    2.985555] usb 1-3: SerialNumber: 68284-0000:00:04.0-3
May 17 16:59:37 osmanubuntu kernel: [    3.118217] usb 1-4: new full-speed USB device number 5 using xhci_hcd
May 17 16:59:37 osmanubuntu kernel: [    3.278981] usb 1-4: New USB device found, idVendor=0409, idProduct=55aa, bcdDevice= 1.01
May 17 16:59:37 osmanubuntu kernel: [    3.280051] usb 1-4: New USB device strings: Mfr=1, Product=2, SerialNumber=3
May 17 16:59:37 osmanubuntu kernel: [    3.281479] usb 1-4: Product: QEMU USB Hub
May 17 16:59:37 osmanubuntu kernel: [    3.282297] usb 1-4: Manufacturer: QEMU
May 17 16:59:37 osmanubuntu kernel: [    3.282880] usb 1-4: SerialNumber: 314159-0000:00:04.0-4
May 17 16:59:37 osmanubuntu kernel: [    3.284633] hub 1-4:1.0: USB hub found
May 17 16:59:37 osmanubuntu kernel: [    3.285859] hub 1-4:1.0: 8 ports detected
May 17 16:59:37 osmanubuntu kernel: [    3.289396] hid: raw HID events driver (C) Jiri Kosina
May 17 16:59:37 osmanubuntu kernel: [    3.292212] usbcore: registered new interface driver usbhid
May 17 16:59:37 osmanubuntu kernel: [    3.293097] usbhid: USB HID core driver
May 17 16:59:37 osmanubuntu kernel: [    3.295026] input: QEMU QEMU USB Tablet as /devices/pci0000:00/0000:00:04.0/usb1/1-1/1-1:1.0/0003:0627:0001.0001/input/input1
May 17 16:59:37 osmanubuntu kernel: [    3.296302] hid-generic 0003:0627:0001.0001: input,hidraw0: USB HID v0.01 Mouse [QEMU QEMU USB Tablet] on usb-0000:00:04.0-1/input0
May 17 16:59:37 osmanubuntu kernel: [    3.298612] input: QEMU QEMU USB Mouse as /devices/pci0000:00/0000:00:04.0/usb1/1-2/1-2:1.0/0003:0627:0001.0002/input/input2
May 17 16:59:37 osmanubuntu kernel: [    3.302772] hid-generic 0003:0627:0001.0002: input,hidraw1: USB HID v0.01 Mouse [QEMU QEMU USB Mouse] on usb-0000:00:04.0-2/input0
May 17 16:59:37 osmanubuntu kernel: [    3.304731] input: QEMU QEMU USB Keyboard as /devices/pci0000:00/0000:00:04.0/usb1/1-3/1-3:1.0/0003:0627:0001.0003/input/input3
May 17 16:59:37 osmanubuntu kernel: [    3.370966] hid-generic 0003:0627:0001.0003: input,hidraw2: USB HID v1.11 Keyboard [QEMU QEMU USB Keyboard] on usb-0000:00:04.0-3/input0
May 17 16:59:37 osmanubuntu kernel: [    3.586142] usb 1-4.1: new full-speed USB device number 6 using xhci_hcd
May 17 16:59:37 osmanubuntu kernel: [    3.636935] EXT4-fs (dm-0): re-mounted. Opts: (null). Quota mode: none.
May 17 16:59:37 osmanubuntu kernel: [    3.637898] pstore: Using crash dump compression: deflate
May 17 16:59:37 osmanubuntu kernel: [    3.640263] pstore: Registered efi as persistent store backend
May 17 16:59:37 osmanubuntu kernel: [    3.661056] alua: device handler registered
May 17 16:59:37 osmanubuntu kernel: [    3.663189] emc: device handler registered
May 17 16:59:37 osmanubuntu kernel: [    3.665018] rdac: device handler registered
May 17 16:59:37 osmanubuntu kernel: [    3.687587] usb 1-4.1: not running at top speed; connect to a high speed hub
May 17 16:59:37 osmanubuntu kernel: [    3.690023] usb 1-4.1: New USB device found, idVendor=46f4, idProduct=0001, bcdDevice= 0.00
May 17 16:59:37 osmanubuntu kernel: [    3.690036] usb 1-4.1: New USB device strings: Mfr=1, Product=2, SerialNumber=3
May 17 16:59:37 osmanubuntu kernel: [    3.690036] usb 1-4.1: Product: QEMU USB HARDDRIVE
May 17 16:59:37 osmanubuntu kernel: [    3.690037] usb 1-4.1: Manufacturer: QEMU
May 17 16:59:37 osmanubuntu kernel: [    3.690037] usb 1-4.1: SerialNumber: 1-0000:00:04.0-4.1
May 17 16:59:37 osmanubuntu kernel: [    3.695654] loop0: detected capacity change from 0 to 122368
May 17 16:59:37 osmanubuntu kernel: [    3.696614] loop1: detected capacity change from 0 to 69032
May 17 16:59:37 osmanubuntu kernel: [    3.697045] loop2: detected capacity change from 0 to 8
May 17 16:59:37 osmanubuntu kernel: [    3.815228] usb-storage 1-4.1:1.0: USB Mass Storage device detected
May 17 16:59:37 osmanubuntu kernel: [    3.816067] scsi host0: usb-storage 1-4.1:1.0
May 17 16:59:37 osmanubuntu kernel: [    3.817550] usbcore: registered new interface driver usb-storage
May 17 16:59:37 osmanubuntu kernel: [    3.850918] usbcore: registered new interface driver uas
May 17 16:59:37 osmanubuntu kernel: [    3.878896] EXT4-fs (vda2): mounted filesystem with ordered data mode. Opts: (null). Quota mode: none.
May 17 16:59:37 osmanubuntu kernel: [    3.927393] audit: type=1400 audit(1779037175.928:2): apparmor="STATUS" operation="profile_load" profile="unconfined" name="nvidia_modprobe" pid=631 comm="apparmor_parser"
May 17 16:59:37 osmanubuntu kernel: [    3.927396] audit: type=1400 audit(1779037175.928:3): apparmor="STATUS" operation="profile_load" profile="unconfined" name="nvidia_modprobe//kmod" pid=631 comm="apparmor_parser"
May 17 16:59:37 osmanubuntu kernel: [    3.929169] audit: type=1400 audit(1779037175.928:4): apparmor="STATUS" operation="profile_load" profile="unconfined" name="ubuntu_pro_apt_news" pid=633 comm="apparmor_parser"
May 17 16:59:37 osmanubuntu kernel: [    3.929347] snd_hda_intel 0000:00:03.0: enabling device (0000 -> 0002)
May 17 16:59:37 osmanubuntu kernel: [    3.929476] audit: type=1400 audit(1779037175.928:5): apparmor="STATUS" operation="profile_load" profile="unconfined" name="lsb_release" pid=630 comm="apparmor_parser"
May 17 16:59:37 osmanubuntu kernel: [    3.929478] snd_hda_intel 0000:00:03.0: Force to snoop mode by module option
May 17 16:59:37 osmanubuntu kernel: [    3.933778] audit: type=1400 audit(1779037175.932:6): apparmor="STATUS" operation="profile_load" profile="unconfined" name="/usr/lib/NetworkManager/nm-dhcp-client.action" pid=632 comm="apparmor_parser"
May 17 16:59:37 osmanubuntu kernel: [    3.933781] audit: type=1400 audit(1779037175.932:7): apparmor="STATUS" operation="profile_load" profile="unconfined" name="/usr/lib/NetworkManager/nm-dhcp-helper" pid=632 comm="apparmor_parser"
May 17 16:59:37 osmanubuntu kernel: [    3.933782] audit: type=1400 audit(1779037175.932:8): apparmor="STATUS" operation="profile_load" profile="unconfined" name="/usr/lib/connman/scripts/dhclient-script" pid=632 comm="apparmor_parser"
May 17 16:59:37 osmanubuntu kernel: [    3.933783] audit: type=1400 audit(1779037175.932:9): apparmor="STATUS" operation="profile_load" profile="unconfined" name="/{,usr/}sbin/dhclient" pid=632 comm="apparmor_parser"
May 17 16:59:37 osmanubuntu kernel: [    3.939362] audit: type=1400 audit(1779037175.940:10): apparmor="STATUS" operation="profile_load" profile="unconfined" name="/usr/bin/man" pid=638 comm="apparmor_parser"
May 17 16:59:37 osmanubuntu kernel: [    4.048825] snd_hda_codec_generic hdaudioC0D0: autoconfig for Generic: line_outs=1 (0x3/0x0/0x0/0x0/0x0) type:line
May 17 16:59:37 osmanubuntu kernel: [    4.048828] snd_hda_codec_generic hdaudioC0D0:    speaker_outs=0 (0x0/0x0/0x0/0x0/0x0)
May 17 16:59:37 osmanubuntu kernel: [    4.048829] snd_hda_codec_generic hdaudioC0D0:    hp_outs=0 (0x0/0x0/0x0/0x0/0x0)
May 17 16:59:37 osmanubuntu kernel: [    4.048829] snd_hda_codec_generic hdaudioC0D0:    mono: mono_out=0x0
May 17 16:59:37 osmanubuntu kernel: [    4.048830] snd_hda_codec_generic hdaudioC0D0:    inputs:
May 17 16:59:37 osmanubuntu kernel: [    4.048830] snd_hda_codec_generic hdaudioC0D0:      Line=0x5
May 17 16:59:37 osmanubuntu kernel: [    4.829913] scsi 0:0:0:0: CD-ROM            QEMU     QEMU CD-ROM      2.5+ PQ: 0 ANSI: 5
May 17 16:59:37 osmanubuntu kernel: [    4.831441] sr 0:0:0:0: [sr0] scsi3-mmc drive: 16x/50x cd/rw xa/form2 cdda tray
May 17 16:59:37 osmanubuntu kernel: [    4.831452] cdrom: Uniform CD-ROM driver Revision: 3.20
May 17 16:59:37 osmanubuntu kernel: [    4.832740] sr 0:0:0:0: Attached scsi CD-ROM sr0
May 17 16:59:37 osmanubuntu kernel: [    4.833095] sr 0:0:0:0: Attached scsi generic sg0 type 5
May 17 16:59:37 osmanubuntu kernel: [    5.770970] kauditd_printk_skb: 32 callbacks suppressed
May 17 16:59:37 osmanubuntu kernel: [    5.770972] audit: type=1400 audit(1779037177.772:43): apparmor="DENIED" operation="capable" profile="/usr/sbin/cupsd" pid=767 comm="cupsd" capability=12  capname="net_admin"
May 17 16:59:37 osmanubuntu kernel: [    5.844831] audit: type=1400 audit(1779037177.844:44): apparmor="DENIED" operation="capable" profile="/usr/sbin/cups-browsed" pid=800 comm="cups-browsed" capability=23  capname="sys_nice"
May 17 16:59:37 osmanubuntu kernel: [    5.849081] loop3: detected capacity change from 0 to 8
May 17 16:59:37 osmanubuntu kernel: [    5.961966] audit: type=1400 audit(1779037177.960:45): apparmor="STATUS" operation="profile_replace" profile="unconfined" name="/usr/lib/snapd/snap-confine" pid=905 comm="apparmor_parser"
May 17 16:59:37 osmanubuntu kernel: [    5.987483] audit: type=1400 audit(1779037177.992:46): apparmor="STATUS" operation="profile_replace" profile="unconfined" name="/usr/lib/snapd/snap-confine//mount-namespace-capture-helper" pid=905 comm="apparmor_parser"
May 17 16:59:48 osmanubuntu kernel: [   16.305489] virtio_gpu virtio1: [drm] drm_plane_enable_fb_damage_clips() not called
May 17 16:59:49 osmanubuntu kernel: [   17.157194] rfkill: input handler disabled
May 17 16:59:49 osmanubuntu kernel: [   17.400323] input: spice vdagent tablet as /devices/virtual/input/input4
May 17 17:01:22 osmanubuntu kernel: [  110.236780] rfkill: input handler enabled
May 17 17:01:23 osmanubuntu kernel: [  111.134355] rfkill: input handler disabled
May 17 17:01:24 osmanubuntu kernel: [  111.687459] input: spice vdagent tablet as /devices/virtual/input/input5
May 18 19:16:47 osmanubuntu kernel: [    0.000000] Booting Linux on physical CPU 0x0000000000 [0x610f0000]
May 18 19:16:47 osmanubuntu kernel: [    0.000000] Linux version 5.15.0-179-generic (buildd@bos03-arm64-021) (gcc (Ubuntu 11.4.0-1ubuntu1~22.04.3) 11.4.0, GNU ld (GNU Binutils for Ubuntu) 2.38) #189-Ubuntu SMP Thu May 7 16:39:18 UTC 2026 (Ubuntu 5.15.0-179.189-generic 5.15.199)
May 18 19:16:47 osmanubuntu kernel: [    0.000000] efi: EFI v2.70 by EDK II
May 18 19:16:47 osmanubuntu kernel: [    0.000000] efi: SMBIOS 3.0=0x23f810000 MEMATTR=0x23e803118 ACPI 2.0=0x23c150018 MOKvar=0x23c060000 RNG=0x23c15e698 MEMRESERVE=0x23c483618 
May 18 19:16:47 osmanubuntu kernel: [    0.000000] random: crng init done
May 18 19:16:47 osmanubuntu kernel: [    0.000000] secureboot: Secure boot disabled
May 18 19:16:47 osmanubuntu kernel: [    0.000000] ACPI: Early table checksum verification disabled
May 18 19:16:47 osmanubuntu kernel: [    0.000000] ACPI: RSDP 0x000000023C150018 000024 (v02 BOCHS )
May 18 19:16:47 osmanubuntu kernel: [    0.000000] ACPI: XSDT 0x000000023C15FE98 00006C (v01 BOCHS  BXPC     00000001      01000013)
May 18 19:16:47 osmanubuntu kernel: [    0.000000] ACPI: FACP 0x000000023C15FA98 000114 (v06 BOCHS  BXPC     00000001 BXPC 00000001)
May 18 19:16:47 osmanubuntu kernel: [    0.000000] ACPI: DSDT 0x000000023C157518 0014A2 (v02 BOCHS  BXPC     00000001 BXPC 00000001)
May 18 19:16:47 osmanubuntu kernel: [    0.000000] ACPI: APIC 0x000000023C15FC18 00019C (v04 BOCHS  BXPC     00000001 BXPC 00000001)
May 18 19:16:47 osmanubuntu kernel: [    0.000000] ACPI: PPTT 0x000000023C15D898 000088 (v02 BOCHS  BXPC     00000001 BXPC 00000001)
May 18 19:16:47 osmanubuntu kernel: [    0.000000] ACPI: GTDT 0x000000023C15E818 000068 (v03 BOCHS  BXPC     00000001 BXPC 00000001)
May 18 19:16:47 osmanubuntu kernel: [    0.000000] ACPI: MCFG 0x000000023C15E918 00003C (v01 BOCHS  BXPC     00000001 BXPC 00000001)
May 18 19:16:47 osmanubuntu kernel: [    0.000000] ACPI: SPCR 0x000000023C15FF98 000050 (v02 BOCHS  BXPC     00000001 BXPC 00000001)
May 18 19:16:47 osmanubuntu kernel: [    0.000000] ACPI: DBG2 0x000000023C15E418 000057 (v00 BOCHS  BXPC     00000001 BXPC 00000001)
May 18 19:16:47 osmanubuntu kernel: [    0.000000] ACPI: IORT 0x000000023C15E718 000080 (v03 BOCHS  BXPC     00000001 BXPC 00000001)
May 18 19:16:47 osmanubuntu kernel: [    0.000000] ACPI: BGRT 0x000000023C15E498 000038 (v01 INTEL  EDK2     00000002      01000013)
May 18 19:16:47 osmanubuntu kernel: [    0.000000] ACPI: SPCR: console: pl011,mmio32,0x9000000,9600
May 18 19:16:47 osmanubuntu kernel: [    0.000000] NUMA: Failed to initialise from firmware
May 18 19:16:47 osmanubuntu kernel: [    0.000000] NUMA: Faking a node at [mem 0x0000000040000000-0x000000023fffffff]
May 18 19:16:47 osmanubuntu kernel: [    0.000000] NUMA: NODE_DATA [mem 0x23ee47f80-0x23ee4cfff]
May 18 19:16:47 osmanubuntu kernel: [    0.000000] Zone ranges:
May 18 19:16:47 osmanubuntu kernel: [    0.000000]   DMA      [mem 0x0000000040000000-0x00000000ffffffff]
May 18 19:16:47 osmanubuntu kernel: [    0.000000]   DMA32    empty
May 18 19:16:47 osmanubuntu kernel: [    0.000000]   Normal   [mem 0x0000000100000000-0x000000023fffffff]
May 18 19:16:47 osmanubuntu kernel: [    0.000000]   Device   empty
May 18 19:16:47 osmanubuntu kernel: [    0.000000] Movable zone start for each node
May 18 19:16:47 osmanubuntu kernel: [    0.000000] Early memory node ranges
May 18 19:16:47 osmanubuntu kernel: [    0.000000]   node   0: [mem 0x0000000040000000-0x000000023c05ffff]
May 18 19:16:47 osmanubuntu kernel: [    0.000000]   node   0: [mem 0x000000023c060000-0x000000023c06ffff]
May 18 19:16:47 osmanubuntu kernel: [    0.000000]   node   0: [mem 0x000000023c070000-0x000000023c15ffff]
May 18 19:16:47 osmanubuntu kernel: [    0.000000]   node   0: [mem 0x000000023c160000-0x000000023c47ffff]
May 18 19:16:47 osmanubuntu kernel: [    0.000000]   node   0: [mem 0x000000023c480000-0x000000023f75ffff]
May 18 19:16:47 osmanubuntu kernel: [    0.000000]   node   0: [mem 0x000000023f760000-0x000000023f7effff]
May 18 19:16:47 osmanubuntu kernel: [    0.000000]   node   0: [mem 0x000000023f7f0000-0x000000023f7fffff]
May 18 19:16:47 osmanubuntu kernel: [    0.000000]   node   0: [mem 0x000000023f800000-0x000000023f91ffff]
May 18 19:16:47 osmanubuntu kernel: [    0.000000]   node   0: [mem 0x000000023f920000-0x000000023fffffff]
May 18 19:16:47 osmanubuntu kernel: [    0.000000] Initmem setup node 0 [mem 0x0000000040000000-0x000000023fffffff]
May 18 19:16:47 osmanubuntu kernel: [    0.000000] cma: Reserved 32 MiB at 0x00000000fe000000
May 18 19:16:47 osmanubuntu kernel: [    0.000000] psci: probing for conduit method from ACPI.
May 18 19:16:47 osmanubuntu kernel: [    0.000000] psci: PSCIv1.1 detected in firmware.
May 18 19:16:47 osmanubuntu kernel: [    0.000000] psci: Using standard PSCI v0.2 function IDs
May 18 19:16:47 osmanubuntu kernel: [    0.000000] psci: Trusted OS migration not required
May 18 19:16:47 osmanubuntu kernel: [    0.000000] psci: SMC Calling Convention v1.0
May 18 19:16:47 osmanubuntu kernel: [    0.000000] ACPI: SRAT not present
May 18 19:16:47 osmanubuntu kernel: [    0.000000] percpu: Embedded 31 pages/cpu s88792 r8192 d29992 u126976
May 18 19:16:47 osmanubuntu kernel: [    0.000000] pcpu-alloc: s88792 r8192 d29992 u126976 alloc=31*4096
May 18 19:16:47 osmanubuntu kernel: [    0.000000] pcpu-alloc: [0] 0 [0] 1 [0] 2 [0] 3 
May 18 19:16:47 osmanubuntu kernel: [    0.000000] Detected PIPT I-cache on CPU0
May 18 19:16:47 osmanubuntu kernel: [    0.000000] CPU features: detected: Address authentication (IMP DEF algorithm)
May 18 19:16:47 osmanubuntu kernel: [    0.000000] CPU features: detected: Spectre-v4
May 18 19:16:47 osmanubuntu kernel: [    0.000000] CPU features: detected: Spectre-BHB
May 18 19:16:47 osmanubuntu kernel: [    0.000000] alternatives: patching kernel code
May 18 19:16:47 osmanubuntu kernel: [    0.000000] Built 1 zonelists, mobility grouping on.  Total pages: 2064384
May 18 19:16:47 osmanubuntu kernel: [    0.000000] Policy zone: Normal
May 18 19:16:47 osmanubuntu kernel: [    0.000000] Kernel command line: BOOT_IMAGE=/vmlinuz-5.15.0-179-generic root=/dev/mapper/ubuntu--vg-ubuntu--lv ro
May 18 19:16:47 osmanubuntu kernel: [    0.000000] Dentry cache hash table entries: 1048576 (order: 11, 8388608 bytes, linear)
May 18 19:16:47 osmanubuntu kernel: [    0.000000] Inode-cache hash table entries: 524288 (order: 10, 4194304 bytes, linear)
May 18 19:16:47 osmanubuntu kernel: [    0.000000] mem auto-init: stack:off, heap alloc:on, heap free:off
May 18 19:16:47 osmanubuntu kernel: [    0.000000] software IO TLB: mapped [mem 0x00000000fa000000-0x00000000fe000000] (64MB)
May 18 19:16:47 osmanubuntu kernel: [    0.000000] Memory: 7972872K/8388608K available (17536K kernel code, 4602K rwdata, 14112K rodata, 9664K init, 1193K bss, 382968K reserved, 32768K cma-reserved)
May 18 19:16:47 osmanubuntu kernel: [    0.000000] SLUB: HWalign=64, Order=0-3, MinObjects=0, CPUs=4, Nodes=1
May 18 19:16:47 osmanubuntu kernel: [    0.000000] ftrace: allocating 54682 entries in 214 pages
May 18 19:16:47 osmanubuntu kernel: [    0.000000] ftrace: allocated 214 pages with 5 groups
May 18 19:16:47 osmanubuntu kernel: [    0.000000] trace event string verifier disabled
May 18 19:16:47 osmanubuntu kernel: [    0.000000] rcu: Hierarchical RCU implementation.
May 18 19:16:47 osmanubuntu kernel: [    0.000000] rcu: 	RCU restricting CPUs from NR_CPUS=256 to nr_cpu_ids=4.
May 18 19:16:47 osmanubuntu kernel: [    0.000000] 	Rude variant of Tasks RCU enabled.
May 18 19:16:47 osmanubuntu kernel: [    0.000000] 	Tracing variant of Tasks RCU enabled.
May 18 19:16:47 osmanubuntu kernel: [    0.000000] rcu: RCU calculated value of scheduler-enlistment delay is 25 jiffies.
May 18 19:16:47 osmanubuntu kernel: [    0.000000] rcu: Adjusting geometry for rcu_fanout_leaf=16, nr_cpu_ids=4
May 18 19:16:47 osmanubuntu kernel: [    0.000000] NR_IRQS: 64, nr_irqs: 64, preallocated irqs: 0
May 18 19:16:47 osmanubuntu kernel: [    0.000000] Root IRQ handler: gic_handle_irq
May 18 19:16:47 osmanubuntu kernel: [    0.000000] GICv2m: ACPI overriding V2M MSI_TYPER (base:80, num:64)
May 18 19:16:47 osmanubuntu kernel: [    0.000000] GICv2m: range[mem 0x08020000-0x08020fff], SPI[80:143]
May 18 19:16:47 osmanubuntu kernel: [    0.000000] arch_timer: cp15 timer(s) running at 24.00MHz (virt).
May 18 19:16:47 osmanubuntu kernel: [    0.000000] clocksource: arch_sys_counter: mask: 0xffffffffffffff max_cycles: 0x588fe9dc0, max_idle_ns: 440795202592 ns
May 18 19:16:47 osmanubuntu kernel: [    0.000000] sched_clock: 56 bits at 24MHz, resolution 41ns, wraps every 4398046511097ns
May 18 19:16:47 osmanubuntu kernel: [    0.000028] Console: colour dummy device 80x25
May 18 19:16:47 osmanubuntu kernel: [    0.000045] ACPI: Core revision 20210730
May 18 19:16:47 osmanubuntu kernel: [    0.000063] Calibrating delay loop (skipped), value calculated using timer frequency.. 48.00 BogoMIPS (lpj=96000)
May 18 19:16:47 osmanubuntu kernel: [    0.000065] pid_max: default: 32768 minimum: 301
May 18 19:16:47 osmanubuntu kernel: [    0.000074] LSM: Security Framework initializing
May 18 19:16:47 osmanubuntu kernel: [    0.000079] landlock: Up and running.
May 18 19:16:47 osmanubuntu kernel: [    0.000079] Yama: becoming mindful.
May 18 19:16:47 osmanubuntu kernel: [    0.000092] AppArmor: AppArmor initialized
May 18 19:16:47 osmanubuntu kernel: [    0.000122] Mount-cache hash table entries: 16384 (order: 5, 131072 bytes, linear)
May 18 19:16:47 osmanubuntu kernel: [    0.000134] Mountpoint-cache hash table entries: 16384 (order: 5, 131072 bytes, linear)
May 18 19:16:47 osmanubuntu kernel: [    0.000355] rcu: Hierarchical SRCU implementation.
May 18 19:16:47 osmanubuntu kernel: [    0.000510] Remapping and enabling EFI services.
May 18 19:16:47 osmanubuntu kernel: [    0.000619] smp: Bringing up secondary CPUs ...
May 18 19:16:47 osmanubuntu kernel: [    0.000760] Detected PIPT I-cache on CPU1
May 18 19:16:47 osmanubuntu kernel: [    0.000896] CPU1: Booted secondary processor 0x0000000001 [0x610f0000]
May 18 19:16:47 osmanubuntu kernel: [    0.001229] Detected PIPT I-cache on CPU2
May 18 19:16:47 osmanubuntu kernel: [    0.001377] CPU2: Booted secondary processor 0x0000000002 [0x610f0000]
May 18 19:16:47 osmanubuntu kernel: [    0.001642] Detected PIPT I-cache on CPU3
May 18 19:16:47 osmanubuntu kernel: [    0.001774] CPU3: Booted secondary processor 0x0000000003 [0x610f0000]
May 18 19:16:47 osmanubuntu kernel: [    0.001856] smp: Brought up 1 node, 4 CPUs
May 18 19:16:47 osmanubuntu kernel: [    0.001858] SMP: Total of 4 processors activated.
May 18 19:16:47 osmanubuntu kernel: [    0.001858] CPU features: detected: Branch Target Identification
May 18 19:16:47 osmanubuntu kernel: [    0.001859] CPU features: detected: ARMv8.4 Translation Table Level
May 18 19:16:47 osmanubuntu kernel: [    0.001859] CPU features: detected: Data cache clean to the PoU not required for I/D coherence
May 18 19:16:47 osmanubuntu kernel: [    0.001860] CPU features: detected: Common not Private translations
May 18 19:16:47 osmanubuntu kernel: [    0.001860] CPU features: detected: CRC32 instructions
May 18 19:16:47 osmanubuntu kernel: [    0.001860] CPU features: detected: Data cache clean to Point of Deep Persistence
May 18 19:16:47 osmanubuntu kernel: [    0.001861] CPU features: detected: Data cache clean to Point of Persistence
May 18 19:16:47 osmanubuntu kernel: [    0.001861] CPU features: detected: E0PD
May 18 19:16:47 osmanubuntu kernel: [    0.001861] CPU features: detected: Enhanced Privileged Access Never
May 18 19:16:47 osmanubuntu kernel: [    0.001862] CPU features: detected: Generic authentication (IMP DEF algorithm)
May 18 19:16:47 osmanubuntu kernel: [    0.001862] CPU features: detected: RCpc load-acquire (LDAPR)
May 18 19:16:47 osmanubuntu kernel: [    0.001862] CPU features: detected: LSE atomic instructions
May 18 19:16:47 osmanubuntu kernel: [    0.001863] CPU features: detected: Privileged Access Never
May 18 19:16:47 osmanubuntu kernel: [    0.001863] CPU features: detected: RAS Extension Support
May 18 19:16:47 osmanubuntu kernel: [    0.001863] CPU features: detected: Speculation barrier (SB)
May 18 19:16:47 osmanubuntu kernel: [    0.001863] CPU features: detected: TLB range maintenance instructions
May 18 19:16:47 osmanubuntu kernel: [    0.017558] CPU: All CPU(s) started at EL1
May 18 19:16:47 osmanubuntu kernel: [    0.018427] devtmpfs: initialized
May 18 19:16:47 osmanubuntu kernel: [    0.018910] setend instruction emulation is not supported on this system
May 18 19:16:47 osmanubuntu kernel: [    0.018966] KASLR enabled
May 18 19:16:47 osmanubuntu kernel: [    0.018985] clocksource: jiffies: mask: 0xffffffff max_cycles: 0xffffffff, max_idle_ns: 7645041785100000 ns
May 18 19:16:47 osmanubuntu kernel: [    0.018994] futex hash table entries: 1024 (order: 4, 65536 bytes, linear)
May 18 19:16:47 osmanubuntu kernel: [    0.019129] pinctrl core: initialized pinctrl subsystem
May 18 19:16:47 osmanubuntu kernel: [    0.019344] SMBIOS 3.0.0 present.
May 18 19:16:47 osmanubuntu kernel: [    0.019347] DMI: QEMU QEMU Virtual Machine, BIOS 0.0.0 02/06/2015
May 18 19:16:47 osmanubuntu kernel: [    0.019555] NET: Registered PF_NETLINK/PF_ROUTE protocol family
May 18 19:16:47 osmanubuntu kernel: [    0.021676] DMA: preallocated 1024 KiB GFP_KERNEL pool for atomic allocations
May 18 19:16:47 osmanubuntu kernel: [    0.021810] DMA: preallocated 1024 KiB GFP_KERNEL|GFP_DMA pool for atomic allocations
May 18 19:16:47 osmanubuntu kernel: [    0.022219] DMA: preallocated 1024 KiB GFP_KERNEL|GFP_DMA32 pool for atomic allocations
May 18 19:16:47 osmanubuntu kernel: [    0.022226] audit: initializing netlink subsys (disabled)
May 18 19:16:47 osmanubuntu kernel: [    0.022442] audit: type=2000 audit(0.020:1): state=initialized audit_enabled=0 res=1
May 18 19:16:47 osmanubuntu kernel: [    0.022462] thermal_sys: Registered thermal governor 'fair_share'
May 18 19:16:47 osmanubuntu kernel: [    0.022464] thermal_sys: Registered thermal governor 'bang_bang'
May 18 19:16:47 osmanubuntu kernel: [    0.022465] thermal_sys: Registered thermal governor 'step_wise'
May 18 19:16:47 osmanubuntu kernel: [    0.022465] thermal_sys: Registered thermal governor 'user_space'
May 18 19:16:47 osmanubuntu kernel: [    0.022465] thermal_sys: Registered thermal governor 'power_allocator'
May 18 19:16:47 osmanubuntu kernel: [    0.022471] cpuidle: using governor ladder
May 18 19:16:47 osmanubuntu kernel: [    0.022472] cpuidle: using governor menu
May 18 19:16:47 osmanubuntu kernel: [    0.022482] hw-breakpoint: found 6 breakpoint and 4 watchpoint registers.
May 18 19:16:47 osmanubuntu kernel: [    0.022917] ASID allocator initialised with 65536 entries
May 18 19:16:47 osmanubuntu kernel: [    0.022946] ACPI: bus type PCI registered
May 18 19:16:47 osmanubuntu kernel: [    0.022949] acpiphp: ACPI Hot Plug PCI Controller Driver version: 0.5
May 18 19:16:47 osmanubuntu kernel: [    0.022984] Serial: AMBA PL011 UART driver
May 18 19:16:47 osmanubuntu kernel: [    0.024028] HugeTLB registered 1.00 GiB page size, pre-allocated 0 pages
May 18 19:16:47 osmanubuntu kernel: [    0.024029] HugeTLB registered 32.0 MiB page size, pre-allocated 0 pages
May 18 19:16:47 osmanubuntu kernel: [    0.024029] HugeTLB registered 2.00 MiB page size, pre-allocated 0 pages
May 18 19:16:47 osmanubuntu kernel: [    0.024030] HugeTLB registered 64.0 KiB page size, pre-allocated 0 pages
May 18 19:16:47 osmanubuntu kernel: [    0.033597] ACPI: Added _OSI(Module Device)
May 18 19:16:47 osmanubuntu kernel: [    0.033598] ACPI: Added _OSI(Processor Device)
May 18 19:16:47 osmanubuntu kernel: [    0.033599] ACPI: Added _OSI(Processor Aggregator Device)
May 18 19:16:47 osmanubuntu kernel: [    0.033599] ACPI: Added _OSI(Linux-Dell-Video)
May 18 19:16:47 osmanubuntu kernel: [    0.033600] ACPI: Added _OSI(Linux-Lenovo-NV-HDMI-Audio)
May 18 19:16:47 osmanubuntu kernel: [    0.033600] ACPI: Added _OSI(Linux-HPI-Hybrid-Graphics)
May 18 19:16:47 osmanubuntu kernel: [    0.033835] ACPI: 1 ACPI AML tables successfully acquired and loaded
May 18 19:16:47 osmanubuntu kernel: [    0.033977] ACPI: Interpreter enabled
May 18 19:16:47 osmanubuntu kernel: [    0.033977] ACPI: Using GIC for interrupt routing
May 18 19:16:47 osmanubuntu kernel: [    0.033980] ACPI: MCFG table detected, 1 entries
May 18 19:16:47 osmanubuntu kernel: [    0.034476] ARMH0011:00: ttyAMA0 at MMIO 0x9000000 (irq = 12, base_baud = 0) is a SBSA
May 18 19:16:47 osmanubuntu kernel: [    0.173183] printk: console [ttyAMA0] enabled
May 18 19:16:47 osmanubuntu kernel: [    0.174829] ACPI: PCI: Interrupt link L000 configured for IRQ 35
May 18 19:16:47 osmanubuntu kernel: [    0.175589] ACPI: PCI: Interrupt link L001 configured for IRQ 36
May 18 19:16:47 osmanubuntu kernel: [    0.176010] ACPI: PCI: Interrupt link L002 configured for IRQ 37
May 18 19:16:47 osmanubuntu kernel: [    0.176810] ACPI: PCI: Interrupt link L003 configured for IRQ 38
May 18 19:16:47 osmanubuntu kernel: [    0.177415] ACPI: PCI Root Bridge [PCI0] (domain 0000 [bus 00-ff])
May 18 19:16:47 osmanubuntu kernel: [    0.177948] acpi PNP0A08:00: _OSC: OS supports [ExtendedConfig ASPM ClockPM Segments MSI EDR HPX-Type3]
May 18 19:16:47 osmanubuntu kernel: [    0.178628] acpi PNP0A08:00: _OSC: platform does not support [LTR DPC]
May 18 19:16:47 osmanubuntu kernel: [    0.179137] acpi PNP0A08:00: _OSC: OS now controls [PCIeHotplug SHPCHotplug PME AER PCIeCapability]
May 18 19:16:47 osmanubuntu kernel: [    0.180568] acpi PNP0A08:00: ECAM area [mem 0x4010000000-0x401fffffff] reserved by PNP0C02:00
May 18 19:16:47 osmanubuntu kernel: [    0.181984] acpi PNP0A08:00: ECAM at [mem 0x4010000000-0x401fffffff] for [bus 00-ff]
May 18 19:16:47 osmanubuntu kernel: [    0.183175] ACPI: Remapped I/O 0x000000003eff0000 to [io  0x0000-0xffff window]
May 18 19:16:47 osmanubuntu kernel: [    0.184313] PCI host bridge to bus 0000:00
May 18 19:16:47 osmanubuntu kernel: [    0.185055] pci_bus 0000:00: root bus resource [mem 0x10000000-0x3efeffff window]
May 18 19:16:47 osmanubuntu kernel: [    0.186117] pci_bus 0000:00: root bus resource [io  0x0000-0xffff window]
May 18 19:16:47 osmanubuntu kernel: [    0.187272] pci_bus 0000:00: root bus resource [mem 0x8000000000-0xffffffffff window]
May 18 19:16:47 osmanubuntu kernel: [    0.188434] pci_bus 0000:00: root bus resource [bus 00-ff]
May 18 19:16:47 osmanubuntu kernel: [    0.189413] pci 0000:00:00.0: [1b36:0008] type 00 class 0x060000
May 18 19:16:47 osmanubuntu kernel: [    0.190474] pci 0000:00:01.0: [1af4:1000] type 00 class 0x020000
May 18 19:16:47 osmanubuntu kernel: [    0.191504] pci 0000:00:01.0: reg 0x10: [io  0x00e0-0x00ff]
May 18 19:16:47 osmanubuntu kernel: [    0.192115] pci 0000:00:01.0: reg 0x14: [mem 0x10048000-0x10048fff]
May 18 19:16:47 osmanubuntu kernel: [    0.192958] pci 0000:00:01.0: reg 0x20: [mem 0x8000000000-0x8000003fff 64bit pref]
May 18 19:16:47 osmanubuntu kernel: [    0.194215] pci 0000:00:01.0: reg 0x30: [mem 0xfffc0000-0xffffffff pref]
May 18 19:16:47 osmanubuntu kernel: [    0.195513] pci 0000:00:02.0: [1af4:1050] type 00 class 0x038000
May 18 19:16:47 osmanubuntu kernel: [    0.196600] pci 0000:00:02.0: reg 0x14: [mem 0x10047000-0x10047fff]
May 18 19:16:47 osmanubuntu kernel: [    0.197478] pci 0000:00:02.0: reg 0x20: [mem 0x8000004000-0x8000007fff 64bit pref]
May 18 19:16:47 osmanubuntu kernel: [    0.199090] pci 0000:00:03.0: [8086:2668] type 00 class 0x040300
May 18 19:16:47 osmanubuntu kernel: [    0.199993] pci 0000:00:03.0: reg 0x10: [mem 0x10040000-0x10043fff]
May 18 19:16:47 osmanubuntu kernel: [    0.201130] pci 0000:00:04.0: [1033:0194] type 00 class 0x0c0330
May 18 19:16:47 osmanubuntu kernel: [    0.202382] pci 0000:00:04.0: reg 0x10: [mem 0x8000018000-0x800001bfff 64bit]
May 18 19:16:47 osmanubuntu kernel: [    0.203330] pci 0000:00:04.0: enabling Extended Tags
May 18 19:16:47 osmanubuntu kernel: [    0.204237] pci 0000:00:05.0: [1b36:000d] type 00 class 0x0c0330
May 18 19:16:47 osmanubuntu kernel: [    0.205285] pci 0000:00:05.0: reg 0x10: [mem 0x8000014000-0x8000017fff 64bit]
May 18 19:16:47 osmanubuntu kernel: [    0.206362] pci 0000:00:05.0: enabling Extended Tags
May 18 19:16:47 osmanubuntu kernel: [    0.207561] pci 0000:00:06.0: [1af4:1001] type 00 class 0x010000
May 18 19:16:47 osmanubuntu kernel: [    0.209566] pci 0000:00:06.0: reg 0x10: [io  0x0000-0x007f]
May 18 19:16:47 osmanubuntu kernel: [    0.210643] pci 0000:00:06.0: reg 0x14: [mem 0x10046000-0x10046fff]
May 18 19:16:47 osmanubuntu kernel: [    0.211664] pci 0000:00:06.0: reg 0x20: [mem 0x8000008000-0x800000bfff 64bit pref]
May 18 19:16:47 osmanubuntu kernel: [    0.213588] pci 0000:00:07.0: [1af4:1003] type 00 class 0x078000
May 18 19:16:47 osmanubuntu kernel: [    0.214615] pci 0000:00:07.0: reg 0x10: [io  0x0080-0x00bf]
May 18 19:16:47 osmanubuntu kernel: [    0.215663] pci 0000:00:07.0: reg 0x14: [mem 0x10045000-0x10045fff]
May 18 19:16:47 osmanubuntu kernel: [    0.216991] pci 0000:00:07.0: reg 0x20: [mem 0x800000c000-0x800000ffff 64bit pref]
May 18 19:16:47 osmanubuntu kernel: [    0.218791] pci 0000:00:08.0: [1af4:1005] type 00 class 0x00ff00
May 18 19:16:47 osmanubuntu kernel: [    0.219981] pci 0000:00:08.0: reg 0x10: [io  0x00c0-0x00df]
May 18 19:16:47 osmanubuntu kernel: [    0.221004] pci 0000:00:08.0: reg 0x14: [mem 0x10044000-0x10044fff]
May 18 19:16:47 osmanubuntu kernel: [    0.221894] pci 0000:00:08.0: reg 0x20: [mem 0x8000010000-0x8000013fff 64bit pref]
May 18 19:16:47 osmanubuntu kernel: [    0.223330] pci 0000:00:01.0: BAR 6: assigned [mem 0x10000000-0x1003ffff pref]
May 18 19:16:47 osmanubuntu kernel: [    0.224321] pci 0000:00:01.0: BAR 4: assigned [mem 0x8000000000-0x8000003fff 64bit pref]
May 18 19:16:47 osmanubuntu kernel: [    0.225744] pci 0000:00:02.0: BAR 4: assigned [mem 0x8000004000-0x8000007fff 64bit pref]
May 18 19:16:47 osmanubuntu kernel: [    0.226968] pci 0000:00:03.0: BAR 0: assigned [mem 0x10040000-0x10043fff]
May 18 19:16:47 osmanubuntu kernel: [    0.227940] pci 0000:00:04.0: BAR 0: assigned [mem 0x8000008000-0x800000bfff 64bit]
May 18 19:16:47 osmanubuntu kernel: [    0.228959] pci 0000:00:05.0: BAR 0: assigned [mem 0x800000c000-0x800000ffff 64bit]
May 18 19:16:47 osmanubuntu kernel: [    0.230127] pci 0000:00:06.0: BAR 4: assigned [mem 0x8000010000-0x8000013fff 64bit pref]
May 18 19:16:47 osmanubuntu kernel: [    0.231351] pci 0000:00:07.0: BAR 4: assigned [mem 0x8000014000-0x8000017fff 64bit pref]
May 18 19:16:47 osmanubuntu kernel: [    0.232687] pci 0000:00:08.0: BAR 4: assigned [mem 0x8000018000-0x800001bfff 64bit pref]
May 18 19:16:47 osmanubuntu kernel: [    0.234041] pci 0000:00:01.0: BAR 1: assigned [mem 0x10044000-0x10044fff]
May 18 19:16:47 osmanubuntu kernel: [    0.234929] pci 0000:00:02.0: BAR 1: assigned [mem 0x10045000-0x10045fff]
May 18 19:16:47 osmanubuntu kernel: [    0.236402] pci 0000:00:06.0: BAR 1: assigned [mem 0x10046000-0x10046fff]
May 18 19:16:47 osmanubuntu kernel: [    0.237848] pci 0000:00:07.0: BAR 1: assigned [mem 0x10047000-0x10047fff]
May 18 19:16:47 osmanubuntu kernel: [    0.239079] pci 0000:00:08.0: BAR 1: assigned [mem 0x10048000-0x10048fff]
May 18 19:16:47 osmanubuntu kernel: [    0.240425] pci 0000:00:06.0: BAR 0: assigned [io  0x1000-0x107f]
May 18 19:16:47 osmanubuntu kernel: [    0.241496] pci 0000:00:07.0: BAR 0: assigned [io  0x1080-0x10bf]
May 18 19:16:47 osmanubuntu kernel: [    0.242418] pci 0000:00:01.0: BAR 0: assigned [io  0x10c0-0x10df]
May 18 19:16:47 osmanubuntu kernel: [    0.243203] pci 0000:00:08.0: BAR 0: assigned [io  0x10e0-0x10ff]
May 18 19:16:47 osmanubuntu kernel: [    0.244370] pci_bus 0000:00: resource 4 [mem 0x10000000-0x3efeffff window]
May 18 19:16:47 osmanubuntu kernel: [    0.245405] pci_bus 0000:00: resource 5 [io  0x0000-0xffff window]
May 18 19:16:47 osmanubuntu kernel: [    0.246503] pci_bus 0000:00: resource 6 [mem 0x8000000000-0xffffffffff window]
May 18 19:16:47 osmanubuntu kernel: [    0.247897] iommu: Default domain type: Translated 
May 18 19:16:47 osmanubuntu kernel: [    0.248861] iommu: DMA domain TLB invalidation policy: strict mode 
May 18 19:16:47 osmanubuntu kernel: [    0.250308] SCSI subsystem initialized
May 18 19:16:47 osmanubuntu kernel: [    0.250992] libata version 3.00 loaded.
May 18 19:16:47 osmanubuntu kernel: [    0.251119] vgaarb: loaded
May 18 19:16:47 osmanubuntu kernel: [    0.251422] ACPI: bus type USB registered
May 18 19:16:47 osmanubuntu kernel: [    0.251903] usbcore: registered new interface driver usbfs
May 18 19:16:47 osmanubuntu kernel: [    0.252749] usbcore: registered new interface driver hub
May 18 19:16:47 osmanubuntu kernel: [    0.254306] usbcore: registered new device driver usb
May 18 19:16:47 osmanubuntu kernel: [    0.255578] pps_core: LinuxPPS API ver. 1 registered
May 18 19:16:47 osmanubuntu kernel: [    0.256331] pps_core: Software ver. 5.3.6 - Copyright 2005-2007 Rodolfo Giometti <giometti@linux.it>
May 18 19:16:47 osmanubuntu kernel: [    0.257715] PTP clock support registered
May 18 19:16:47 osmanubuntu kernel: [    0.258893] EDAC MC: Ver: 3.0.0
May 18 19:16:47 osmanubuntu kernel: [    0.259667] Registered efivars operations
May 18 19:16:47 osmanubuntu kernel: [    0.260625] NetLabel: Initializing
May 18 19:16:47 osmanubuntu kernel: [    0.260979] NetLabel:  domain hash size = 128
May 18 19:16:47 osmanubuntu kernel: [    0.261400] NetLabel:  protocols = UNLABELED CIPSOv4 CALIPSO
May 18 19:16:47 osmanubuntu kernel: [    0.262096] NetLabel:  unlabeled traffic allowed by default
May 18 19:16:47 osmanubuntu kernel: [    0.263308] clocksource: Switched to clocksource arch_sys_counter
May 18 19:16:47 osmanubuntu kernel: [    0.267792] VFS: Disk quotas dquot_6.6.0
May 18 19:16:47 osmanubuntu kernel: [    0.268183] VFS: Dquot-cache hash table entries: 512 (order 0, 4096 bytes)
May 18 19:16:47 osmanubuntu kernel: [    0.269499] AppArmor: AppArmor Filesystem Enabled
May 18 19:16:47 osmanubuntu kernel: [    0.270175] pnp: PnP ACPI init
May 18 19:16:47 osmanubuntu kernel: [    0.270558] system 00:00: [mem 0x4010000000-0x401fffffff window] could not be reserved
May 18 19:16:47 osmanubuntu kernel: [    0.271574] pnp: PnP ACPI: found 1 devices
May 18 19:16:47 osmanubuntu kernel: [    0.279877] NET: Registered PF_INET protocol family
May 18 19:16:47 osmanubuntu kernel: [    0.280767] IP idents hash table entries: 131072 (order: 8, 1048576 bytes, linear)
May 18 19:16:47 osmanubuntu kernel: [    0.282179] tcp_listen_portaddr_hash hash table entries: 4096 (order: 4, 65536 bytes, linear)
May 18 19:16:47 osmanubuntu kernel: [    0.283207] Table-perturb hash table entries: 65536 (order: 6, 262144 bytes, linear)
May 18 19:16:47 osmanubuntu kernel: [    0.284179] TCP established hash table entries: 65536 (order: 7, 524288 bytes, linear)
May 18 19:16:47 osmanubuntu kernel: [    0.285080] TCP bind hash table entries: 65536 (order: 8, 1048576 bytes, linear)
May 18 19:16:47 osmanubuntu kernel: [    0.286208] TCP: Hash tables configured (established 65536 bind 65536)
May 18 19:16:47 osmanubuntu kernel: [    0.287276] MPTCP token hash table entries: 8192 (order: 6, 196608 bytes, linear)
May 18 19:16:47 osmanubuntu kernel: [    0.288620] UDP hash table entries: 4096 (order: 5, 131072 bytes, linear)
May 18 19:16:47 osmanubuntu kernel: [    0.289257] UDP-Lite hash table entries: 4096 (order: 5, 131072 bytes, linear)
May 18 19:16:47 osmanubuntu kernel: [    0.290004] NET: Registered PF_UNIX/PF_LOCAL protocol family
May 18 19:16:47 osmanubuntu kernel: [    0.290669] NET: Registered PF_XDP protocol family
May 18 19:16:47 osmanubuntu kernel: [    0.291221] pci 0000:00:04.0: enabling device (0000 -> 0002)
May 18 19:16:47 osmanubuntu kernel: [    0.292010] pci 0000:00:05.0: enabling device (0000 -> 0002)
May 18 19:16:47 osmanubuntu kernel: [    0.293347] PCI: CLS 0 bytes, default 64
May 18 19:16:47 osmanubuntu kernel: [    0.293976] Trying to unpack rootfs image as initramfs...
May 18 19:16:47 osmanubuntu kernel: [    0.299558] kvm [1]: HYP mode not available
May 18 19:16:47 osmanubuntu kernel: [    0.300473] Initialise system trusted keyrings
May 18 19:16:47 osmanubuntu kernel: [    0.301437] Key type blacklist registered
May 18 19:16:47 osmanubuntu kernel: [    0.302653] workingset: timestamp_bits=40 max_order=21 bucket_order=0
May 18 19:16:47 osmanubuntu kernel: [    0.303381] zbud: loaded
May 18 19:16:47 osmanubuntu kernel: [    0.303833] squashfs: version 4.0 (2009/01/31) Phillip Lougher
May 18 19:16:47 osmanubuntu kernel: [    0.304978] fuse: init (API version 7.34)
May 18 19:16:47 osmanubuntu kernel: [    0.305914] integrity: Platform Keyring initialized
May 18 19:16:47 osmanubuntu kernel: [    0.311758] Key type asymmetric registered
May 18 19:16:47 osmanubuntu kernel: [    0.312601] Asymmetric key parser 'x509' registered
May 18 19:16:47 osmanubuntu kernel: [    0.313818] Block layer SCSI generic (bsg) driver version 0.4 loaded (major 242)
May 18 19:16:47 osmanubuntu kernel: [    0.315803] io scheduler mq-deadline registered
May 18 19:16:47 osmanubuntu kernel: [    0.316950] shpchp: Standard Hot Plug PCI Controller Driver version: 0.4
May 18 19:16:47 osmanubuntu kernel: [    0.319104] input: Power Button as /devices/LNXSYSTM:00/LNXSYBUS:00/PNP0C0C:00/input/input0
May 18 19:16:47 osmanubuntu kernel: [    0.321190] ACPI: button: Power Button [PWRB]
May 18 19:16:47 osmanubuntu kernel: [    0.324180] ACPI: \_SB_.L001: Enabled at IRQ 36
May 18 19:16:47 osmanubuntu kernel: [    0.324776] virtio-pci 0000:00:01.0: enabling device (0000 -> 0003)
May 18 19:16:47 osmanubuntu kernel: [    0.326606] ACPI: \_SB_.L002: Enabled at IRQ 37
May 18 19:16:47 osmanubuntu kernel: [    0.331492] virtio-pci 0000:00:06.0: enabling device (0005 -> 0007)
May 18 19:16:47 osmanubuntu kernel: [    0.333679] ACPI: \_SB_.L003: Enabled at IRQ 38
May 18 19:16:47 osmanubuntu kernel: [    0.334049] virtio-pci 0000:00:07.0: enabling device (0000 -> 0003)
May 18 19:16:47 osmanubuntu kernel: [    0.335229] ACPI: \_SB_.L000: Enabled at IRQ 35
May 18 19:16:47 osmanubuntu kernel: [    0.336024] virtio-pci 0000:00:08.0: enabling device (0005 -> 0007)
May 18 19:16:47 osmanubuntu kernel: [    0.337118] Serial: 8250/16550 driver, 32 ports, IRQ sharing enabled
May 18 19:16:47 osmanubuntu kernel: [    0.340791] SuperH (H)SCI(F) driver initialized
May 18 19:16:47 osmanubuntu kernel: [    0.341385] msm_serial: driver initialized
May 18 19:16:47 osmanubuntu kernel: [    0.351718] loop: module loaded
May 18 19:16:47 osmanubuntu kernel: [    0.351937] SPI driver altr_a10sr has no spi_device_id for altr,a10sr
May 18 19:16:47 osmanubuntu kernel: [    0.352673] tun: Universal TUN/TAP device driver, 1.6
May 18 19:16:47 osmanubuntu kernel: [    0.353024] PPP generic driver version 2.4.2
May 18 19:16:47 osmanubuntu kernel: [    0.353285] ehci_hcd: USB 2.0 'Enhanced' Host Controller (EHCI) Driver
May 18 19:16:47 osmanubuntu kernel: [    0.353584] ehci-pci: EHCI PCI platform driver
May 18 19:16:47 osmanubuntu kernel: [    0.353808] ehci-orion: EHCI orion driver
May 18 19:16:47 osmanubuntu kernel: [    0.354003] ohci_hcd: USB 1.1 'Open' Host Controller (OHCI) Driver
May 18 19:16:47 osmanubuntu kernel: [    0.354286] ohci-pci: OHCI PCI platform driver
May 18 19:16:47 osmanubuntu kernel: [    0.354492] uhci_hcd: USB Universal Host Controller Interface driver
May 18 19:16:47 osmanubuntu kernel: [    0.354985] mousedev: PS/2 mouse device common for all mice
May 18 19:16:47 osmanubuntu kernel: [    0.355911] rtc-efi rtc-efi.0: registered as rtc0
May 18 19:16:47 osmanubuntu kernel: [    0.356181] rtc-efi rtc-efi.0: setting system clock to 2026-05-18T19:16:42 UTC (1779131802)
May 18 19:16:47 osmanubuntu kernel: [    0.356580] i2c_dev: i2c /dev entries driver
May 18 19:16:47 osmanubuntu kernel: [    0.356846] device-mapper: core: CONFIG_IMA_DISABLE_HTABLE is disabled. Duplicate IMA measurements will not be recorded in the IMA log.
May 18 19:16:47 osmanubuntu kernel: [    0.357615] device-mapper: uevent: version 1.0.3
May 18 19:16:47 osmanubuntu kernel: [    0.358060] device-mapper: ioctl: 4.45.0-ioctl (2021-03-22) initialised: dm-devel@redhat.com
May 18 19:16:47 osmanubuntu kernel: [    0.359552] ledtrig-cpu: registered to indicate activity on CPUs
May 18 19:16:47 osmanubuntu kernel: [    0.360007] drop_monitor: Initializing network drop monitor service
May 18 19:16:47 osmanubuntu kernel: [    0.360511] NET: Registered PF_INET6 protocol family
May 18 19:16:47 osmanubuntu kernel: [    0.598214] Freeing initrd memory: 103820K
May 18 19:16:47 osmanubuntu kernel: [    0.602660] Segment Routing with IPv6
May 18 19:16:47 osmanubuntu kernel: [    0.603468] In-situ OAM (IOAM) with IPv6
May 18 19:16:47 osmanubuntu kernel: [    0.603704] NET: Registered PF_PACKET protocol family
May 18 19:16:47 osmanubuntu kernel: [    0.604087] Key type dns_resolver registered
May 18 19:16:47 osmanubuntu kernel: [    0.604495] registered taskstats version 1
May 18 19:16:47 osmanubuntu kernel: [    0.605071] Loading compiled-in X.509 certificates
May 18 19:16:47 osmanubuntu kernel: [    0.606072] Loaded X.509 cert 'Build time autogenerated kernel key: ff18566744b262d4d040947ec559aee7439f707c'
May 18 19:16:47 osmanubuntu kernel: [    0.607492] Loaded X.509 cert 'Canonical Ltd. Live Patch Signing 2025 Kmod: d541cef61dc7e793b7eb7e899970a2eef0b5dc8c'
May 18 19:16:47 osmanubuntu kernel: [    0.608241] Loaded X.509 cert 'Canonical Ltd. Live Patch Signing: 14df34d1a87cf37625abec039ef2bf521249b969'
May 18 19:16:47 osmanubuntu kernel: [    0.608920] Loaded X.509 cert 'Canonical Ltd. Kernel Module Signing 2025 Kmod: 4627603d2357a2a3f81006370894c221175893e9'
May 18 19:16:47 osmanubuntu kernel: [    0.609725] Loaded X.509 cert 'Canonical Ltd. Kernel Module Signing: 88f752e560a1e0737e31163a466ad7b70a850c19'
May 18 19:16:47 osmanubuntu kernel: [    0.610276] blacklist: Loading compiled-in revocation X.509 certificates
May 18 19:16:47 osmanubuntu kernel: [    0.610638] Loaded X.509 cert 'Canonical Ltd. Secure Boot Signing: 61482aa2830d0ab2ad5af10b7250da9033ddcef0'
May 18 19:16:47 osmanubuntu kernel: [    0.611071] Loaded X.509 cert 'Canonical Ltd. Secure Boot Signing (2017): 242ade75ac4a15e50d50c84b0d45ff3eae707a03'
May 18 19:16:47 osmanubuntu kernel: [    0.612189] Loaded X.509 cert 'Canonical Ltd. Secure Boot Signing (ESM 2018): 365188c1d374d6b07c3c8f240f8ef722433d6a8b'
May 18 19:16:47 osmanubuntu kernel: [    0.612719] Loaded X.509 cert 'Canonical Ltd. Secure Boot Signing (2019): c0746fd6c5da3ae827864651ad66ae47fe24b3e8'
May 18 19:16:47 osmanubuntu kernel: [    0.613284] Loaded X.509 cert 'Canonical Ltd. Secure Boot Signing (2021 v1): a8d54bbb3825cfb94fa13c9f8a594a195c107b8d'
May 18 19:16:47 osmanubuntu kernel: [    0.613919] Loaded X.509 cert 'Canonical Ltd. Secure Boot Signing (2021 v2): 4cf046892d6fd3c9a5b03f98d845f90851dc6a8c'
May 18 19:16:47 osmanubuntu kernel: [    0.614525] Loaded X.509 cert 'Canonical Ltd. Secure Boot Signing (2021 v3): 100437bb6de6e469b581e61cd66bce3ef4ed53af'
May 18 19:16:47 osmanubuntu kernel: [    0.615042] Loaded X.509 cert 'Canonical Ltd. Secure Boot Signing (Ubuntu Core 2019): c1d57b8f6b743f23ee41f4f7ee292f06eecadfb9'
May 18 19:16:47 osmanubuntu kernel: [    0.616007] zswap: loaded using pool lzo/zbud
May 18 19:16:47 osmanubuntu kernel: [    0.618928] Key type .fscrypt registered
May 18 19:16:47 osmanubuntu kernel: [    0.619600] Key type fscrypt-provisioning registered
May 18 19:16:47 osmanubuntu kernel: [    0.628707] cryptd: max_cpu_qlen set to 1000
May 18 19:16:47 osmanubuntu kernel: [    0.640136] Key type encrypted registered
May 18 19:16:47 osmanubuntu kernel: [    0.640315] AppArmor: AppArmor sha1 policy hashing enabled
May 18 19:16:47 osmanubuntu kernel: [    0.640708] integrity: Loading X.509 certificate: UEFI:MokListRT (MOKvar table)
May 18 19:16:47 osmanubuntu kernel: [    0.641433] integrity: Loaded X.509 cert 'Canonical Ltd. Master Certificate Authority: ad91990bc22ab1f517048c23b6655a268e345a63'
May 18 19:16:47 osmanubuntu kernel: [    0.642604] ima: No TPM chip found, activating TPM-bypass!
May 18 19:16:47 osmanubuntu kernel: [    0.643142] Loading compiled-in module X.509 certificates
May 18 19:16:47 osmanubuntu kernel: [    0.643741] Loaded X.509 cert 'Build time autogenerated kernel key: ff18566744b262d4d040947ec559aee7439f707c'
May 18 19:16:47 osmanubuntu kernel: [    0.644235] ima: Allocated hash algorithm: sha1
May 18 19:16:47 osmanubuntu kernel: [    0.644434] ima: No architecture policies found
May 18 19:16:47 osmanubuntu kernel: [    0.644692] evm: Initialising EVM extended attributes:
May 18 19:16:47 osmanubuntu kernel: [    0.644973] evm: security.selinux
May 18 19:16:47 osmanubuntu kernel: [    0.645116] evm: security.SMACK64
May 18 19:16:47 osmanubuntu kernel: [    0.645257] evm: security.SMACK64EXEC
May 18 19:16:47 osmanubuntu kernel: [    0.645416] evm: security.SMACK64TRANSMUTE
May 18 19:16:47 osmanubuntu kernel: [    0.645593] evm: security.SMACK64MMAP
May 18 19:16:47 osmanubuntu kernel: [    0.645776] evm: security.apparmor
May 18 19:16:47 osmanubuntu kernel: [    0.645923] evm: security.ima
May 18 19:16:47 osmanubuntu kernel: [    0.646051] evm: security.capability
May 18 19:16:47 osmanubuntu kernel: [    0.646268] evm: HMAC attrs: 0x1
May 18 19:16:47 osmanubuntu kernel: [    0.647084] clk: Disabling unused clocks
May 18 19:16:47 osmanubuntu kernel: [    0.648801] Freeing unused kernel memory: 9664K
May 18 19:16:47 osmanubuntu kernel: [    0.654903] Checked W+X mappings: passed, no W+X pages found
May 18 19:16:47 osmanubuntu kernel: [    0.655259] Run /init as init process
May 18 19:16:47 osmanubuntu kernel: [    0.655595]   with arguments:
May 18 19:16:47 osmanubuntu kernel: [    0.655596]     /init
May 18 19:16:47 osmanubuntu kernel: [    0.655596]   with environment:
May 18 19:16:47 osmanubuntu kernel: [    0.655596]     HOME=/
May 18 19:16:47 osmanubuntu kernel: [    0.655596]     TERM=linux
May 18 19:16:47 osmanubuntu kernel: [    0.716006] xhci_hcd 0000:00:04.0: xHCI Host Controller
May 18 19:16:47 osmanubuntu kernel: [    0.716208] xhci_hcd 0000:00:04.0: new USB bus registered, assigned bus number 1
May 18 19:16:47 osmanubuntu kernel: [    0.716883] virtio_blk virtio2: [vda] 83886080 512-byte logical blocks (42.9 GB/40.0 GiB)
May 18 19:16:47 osmanubuntu kernel: [    0.718395] xhci_hcd 0000:00:04.0: hcc params 0x00087001 hci version 0x100 quirks 0x0000000000000014
May 18 19:16:47 osmanubuntu kernel: [    0.723975] xhci_hcd 0000:00:04.0: xHCI Host Controller
May 18 19:16:47 osmanubuntu kernel: [    0.724273] xhci_hcd 0000:00:04.0: new USB bus registered, assigned bus number 2
May 18 19:16:47 osmanubuntu kernel: [    0.724485] xhci_hcd 0000:00:04.0: Host supports USB 3.0 SuperSpeed
May 18 19:16:47 osmanubuntu kernel: [    0.724579]  vda: vda1 vda2 vda3
May 18 19:16:47 osmanubuntu kernel: [    0.724672] usb usb1: New USB device found, idVendor=1d6b, idProduct=0002, bcdDevice= 5.15
May 18 19:16:47 osmanubuntu kernel: [    0.724906] usb usb1: New USB device strings: Mfr=3, Product=2, SerialNumber=1
May 18 19:16:47 osmanubuntu kernel: [    0.725050] usb usb1: Product: xHCI Host Controller
May 18 19:16:47 osmanubuntu kernel: [    0.725196] usb usb1: Manufacturer: Linux 5.15.0-179-generic xhci-hcd
May 18 19:16:47 osmanubuntu kernel: [    0.725354] usb usb1: SerialNumber: 0000:00:04.0
May 18 19:16:47 osmanubuntu kernel: [    0.725698] hub 1-0:1.0: USB hub found
May 18 19:16:47 osmanubuntu kernel: [    0.725863] hub 1-0:1.0: 4 ports detected
May 18 19:16:47 osmanubuntu kernel: [    0.726028] usb usb2: We don't know the algorithms for LPM for this host, disabling LPM.
May 18 19:16:47 osmanubuntu kernel: [    0.726227] usb usb2: New USB device found, idVendor=1d6b, idProduct=0003, bcdDevice= 5.15
May 18 19:16:47 osmanubuntu kernel: [    0.726438] usb usb2: New USB device strings: Mfr=3, Product=2, SerialNumber=1
May 18 19:16:47 osmanubuntu kernel: [    0.726636] usb usb2: Product: xHCI Host Controller
May 18 19:16:47 osmanubuntu kernel: [    0.726758] usb usb2: Manufacturer: Linux 5.15.0-179-generic xhci-hcd
May 18 19:16:47 osmanubuntu kernel: [    0.726906] usb usb2: SerialNumber: 0000:00:04.0
May 18 19:16:47 osmanubuntu kernel: [    0.727263] hub 2-0:1.0: USB hub found
May 18 19:16:47 osmanubuntu kernel: [    0.727439] hub 2-0:1.0: 4 ports detected
May 18 19:16:47 osmanubuntu kernel: [    0.727865] xhci_hcd 0000:00:05.0: xHCI Host Controller
May 18 19:16:47 osmanubuntu kernel: [    0.728046] xhci_hcd 0000:00:05.0: new USB bus registered, assigned bus number 3
May 18 19:16:47 osmanubuntu kernel: [    0.728398] xhci_hcd 0000:00:05.0: hcc params 0x00087001 hci version 0x100 quirks 0x0000000000000010
May 18 19:16:47 osmanubuntu kernel: [    0.728577] [drm] pci: virtio-gpu-pci detected at 0000:00:02.0
May 18 19:16:47 osmanubuntu kernel: [    0.728865] xhci_hcd 0000:00:05.0: xHCI Host Controller
May 18 19:16:47 osmanubuntu kernel: [    0.728906] [drm] features: +virgl +edid -resource_blob -host_visible
May 18 19:16:47 osmanubuntu kernel: [    0.728994] xhci_hcd 0000:00:05.0: new USB bus registered, assigned bus number 4
May 18 19:16:47 osmanubuntu kernel: [    0.729273] [drm] number of scanouts: 1
May 18 19:16:47 osmanubuntu kernel: [    0.729334] xhci_hcd 0000:00:05.0: Host supports USB 3.0 SuperSpeed
May 18 19:16:47 osmanubuntu kernel: [    0.729408] [drm] number of cap sets: 2
May 18 19:16:47 osmanubuntu kernel: [    0.730176] usb usb3: New USB device found, idVendor=1d6b, idProduct=0002, bcdDevice= 5.15
May 18 19:16:47 osmanubuntu kernel: [    0.730487] usb usb3: New USB device strings: Mfr=3, Product=2, SerialNumber=1
May 18 19:16:47 osmanubuntu kernel: [    0.730637] usb usb3: Product: xHCI Host Controller
May 18 19:16:47 osmanubuntu kernel: [    0.730746] usb usb3: Manufacturer: Linux 5.15.0-179-generic xhci-hcd
May 18 19:16:47 osmanubuntu kernel: [    0.730876] usb usb3: SerialNumber: 0000:00:05.0
May 18 19:16:47 osmanubuntu kernel: [    0.730983] [drm] cap set 0: id 1, max-version 1, max-size 308
May 18 19:16:47 osmanubuntu kernel: [    0.731355] hub 3-0:1.0: USB hub found
May 18 19:16:47 osmanubuntu kernel: [    0.732177] [drm] cap set 1: id 2, max-version 2, max-size 1376
May 18 19:16:47 osmanubuntu kernel: [    0.732432] hub 3-0:1.0: 4 ports detected
May 18 19:16:47 osmanubuntu kernel: [    0.732613] [drm] Initialized virtio_gpu 0.1.0 0 for virtio1 on minor 0
May 18 19:16:47 osmanubuntu kernel: [    0.733472] fbcon: Deferring console take-over
May 18 19:16:47 osmanubuntu kernel: [    0.733560] virtio_gpu virtio1: [drm] fb0: virtio_gpudrmfb frame buffer device
May 18 19:16:47 osmanubuntu kernel: [    0.733848] usb usb4: We don't know the algorithms for LPM for this host, disabling LPM.
May 18 19:16:47 osmanubuntu kernel: [    0.734031] usb usb4: New USB device found, idVendor=1d6b, idProduct=0003, bcdDevice= 5.15
May 18 19:16:47 osmanubuntu kernel: [    0.734209] usb usb4: New USB device strings: Mfr=3, Product=2, SerialNumber=1
May 18 19:16:47 osmanubuntu kernel: [    0.734451] usb usb4: Product: xHCI Host Controller
May 18 19:16:47 osmanubuntu kernel: [    0.734657] usb usb4: Manufacturer: Linux 5.15.0-179-generic xhci-hcd
May 18 19:16:47 osmanubuntu kernel: [    0.734815] usb usb4: SerialNumber: 0000:00:05.0
May 18 19:16:47 osmanubuntu kernel: [    0.734941] hub 4-0:1.0: USB hub found
May 18 19:16:47 osmanubuntu kernel: [    0.735027] hub 4-0:1.0: 4 ports detected
May 18 19:16:47 osmanubuntu kernel: [    0.739300] virtio_net virtio0 enp0s1: renamed from eth0
May 18 19:16:47 osmanubuntu kernel: [    1.039315] raid6: neonx8   gen() 45060 MB/s
May 18 19:16:47 osmanubuntu kernel: [    1.060228] usb 1-1: new high-speed USB device number 2 using xhci_hcd
May 18 19:16:47 osmanubuntu kernel: [    1.107309] raid6: neonx8   xor() 39177 MB/s
May 18 19:16:47 osmanubuntu kernel: [    1.175313] raid6: neonx4   gen() 46152 MB/s
May 18 19:16:47 osmanubuntu kernel: [    1.207614] usb 1-1: New USB device found, idVendor=0627, idProduct=0001, bcdDevice= 0.00
May 18 19:16:47 osmanubuntu kernel: [    1.207778] usb 1-1: New USB device strings: Mfr=1, Product=3, SerialNumber=10
May 18 19:16:47 osmanubuntu kernel: [    1.207921] usb 1-1: Product: QEMU USB Tablet
May 18 19:16:47 osmanubuntu kernel: [    1.208012] usb 1-1: Manufacturer: QEMU
May 18 19:16:47 osmanubuntu kernel: [    1.208115] usb 1-1: SerialNumber: 28754-0000:00:04.0-1
May 18 19:16:47 osmanubuntu kernel: [    1.243309] raid6: neonx4   xor() 39554 MB/s
May 18 19:16:47 osmanubuntu kernel: [    1.311313] raid6: neonx2   gen() 46607 MB/s
May 18 19:16:47 osmanubuntu kernel: [    1.335333] usb 1-2: new high-speed USB device number 3 using xhci_hcd
May 18 19:16:47 osmanubuntu kernel: [    1.379309] raid6: neonx2   xor() 39406 MB/s
May 18 19:16:47 osmanubuntu kernel: [    1.447309] raid6: neonx1   gen() 46135 MB/s
May 18 19:16:47 osmanubuntu kernel: [    1.484375] usb 1-2: New USB device found, idVendor=0627, idProduct=0001, bcdDevice= 0.00
May 18 19:16:47 osmanubuntu kernel: [    1.484545] usb 1-2: New USB device strings: Mfr=1, Product=2, SerialNumber=9
May 18 19:16:47 osmanubuntu kernel: [    1.484693] usb 1-2: Product: QEMU USB Mouse
May 18 19:16:47 osmanubuntu kernel: [    1.484780] usb 1-2: Manufacturer: QEMU
May 18 19:16:47 osmanubuntu kernel: [    1.484860] usb 1-2: SerialNumber: 89126-0000:00:04.0-2
May 18 19:16:47 osmanubuntu kernel: [    1.515309] raid6: neonx1   xor() 29137 MB/s
May 18 19:16:47 osmanubuntu kernel: [    1.583311] raid6: int64x8  gen() 22699 MB/s
May 18 19:16:47 osmanubuntu kernel: [    1.612088] usb 1-3: new high-speed USB device number 4 using xhci_hcd
May 18 19:16:47 osmanubuntu kernel: [    1.651309] raid6: int64x8  xor() 12116 MB/s
May 18 19:16:47 osmanubuntu kernel: [    1.719310] raid6: int64x4  gen() 21630 MB/s
May 18 19:16:47 osmanubuntu kernel: [    1.760349] usb 1-3: New USB device found, idVendor=0627, idProduct=0001, bcdDevice= 0.00
May 18 19:16:47 osmanubuntu kernel: [    1.760512] usb 1-3: New USB device strings: Mfr=1, Product=4, SerialNumber=11
May 18 19:16:47 osmanubuntu kernel: [    1.760654] usb 1-3: Product: QEMU USB Keyboard
May 18 19:16:47 osmanubuntu kernel: [    1.760744] usb 1-3: Manufacturer: QEMU
May 18 19:16:47 osmanubuntu kernel: [    1.760819] usb 1-3: SerialNumber: 68284-0000:00:04.0-3
May 18 19:16:47 osmanubuntu kernel: [    1.787310] raid6: int64x4  xor() 11761 MB/s
May 18 19:16:47 osmanubuntu kernel: [    1.855311] raid6: int64x2  gen() 18996 MB/s
May 18 19:16:47 osmanubuntu kernel: [    1.888077] usb 1-4: new full-speed USB device number 5 using xhci_hcd
May 18 19:16:47 osmanubuntu kernel: [    1.923315] raid6: int64x2  xor() 10252 MB/s
May 18 19:16:47 osmanubuntu kernel: [    1.991346] raid6: int64x1  gen() 15776 MB/s
May 18 19:16:47 osmanubuntu kernel: [    2.036993] usb 1-4: New USB device found, idVendor=0409, idProduct=55aa, bcdDevice= 1.01
May 18 19:16:47 osmanubuntu kernel: [    2.037834] usb 1-4: New USB device strings: Mfr=1, Product=2, SerialNumber=3
May 18 19:16:47 osmanubuntu kernel: [    2.038477] usb 1-4: Product: QEMU USB Hub
May 18 19:16:47 osmanubuntu kernel: [    2.038803] usb 1-4: Manufacturer: QEMU
May 18 19:16:47 osmanubuntu kernel: [    2.039151] usb 1-4: SerialNumber: 314159-0000:00:04.0-4
May 18 19:16:47 osmanubuntu kernel: [    2.040265] hub 1-4:1.0: USB hub found
May 18 19:16:47 osmanubuntu kernel: [    2.040800] hub 1-4:1.0: 8 ports detected
May 18 19:16:47 osmanubuntu kernel: [    2.044936] hid: raw HID events driver (C) Jiri Kosina
May 18 19:16:47 osmanubuntu kernel: [    2.048086] usbcore: registered new interface driver usbhid
May 18 19:16:47 osmanubuntu kernel: [    2.048279] usbhid: USB HID core driver
May 18 19:16:47 osmanubuntu kernel: [    2.050020] input: QEMU QEMU USB Tablet as /devices/pci0000:00/0000:00:04.0/usb1/1-1/1-1:1.0/0003:0627:0001.0001/input/input1
May 18 19:16:47 osmanubuntu kernel: [    2.052044] hid-generic 0003:0627:0001.0001: input,hidraw0: USB HID v0.01 Mouse [QEMU QEMU USB Tablet] on usb-0000:00:04.0-1/input0
May 18 19:16:47 osmanubuntu kernel: [    2.053123] input: QEMU QEMU USB Mouse as /devices/pci0000:00/0000:00:04.0/usb1/1-2/1-2:1.0/0003:0627:0001.0002/input/input2
May 18 19:16:47 osmanubuntu kernel: [    2.054667] hid-generic 0003:0627:0001.0002: input,hidraw1: USB HID v0.01 Mouse [QEMU QEMU USB Mouse] on usb-0000:00:04.0-2/input0
May 18 19:16:47 osmanubuntu kernel: [    2.055819] input: QEMU QEMU USB Keyboard as /devices/pci0000:00/0000:00:04.0/usb1/1-3/1-3:1.0/0003:0627:0001.0003/input/input3
May 18 19:16:47 osmanubuntu kernel: [    2.059311] raid6: int64x1  xor()  7820 MB/s
May 18 19:16:47 osmanubuntu kernel: [    2.059809] raid6: using algorithm neonx2 gen() 46607 MB/s
May 18 19:16:47 osmanubuntu kernel: [    2.060383] raid6: .... xor() 39406 MB/s, rmw enabled
May 18 19:16:47 osmanubuntu kernel: [    2.061149] raid6: using neon recovery algorithm
May 18 19:16:47 osmanubuntu kernel: [    2.063169] xor: measuring software checksum speed
May 18 19:16:47 osmanubuntu kernel: [    2.063993]    8regs           : 45357 MB/sec
May 18 19:16:47 osmanubuntu kernel: [    2.064521]    32regs          : 64754 MB/sec
May 18 19:16:47 osmanubuntu kernel: [    2.065491]    arm64_neon      : 71389 MB/sec
May 18 19:16:47 osmanubuntu kernel: [    2.066239] xor: using function: arm64_neon (71389 MB/sec)
May 18 19:16:47 osmanubuntu kernel: [    2.067481] async_tx: api initialized (async)
May 18 19:16:47 osmanubuntu kernel: [    2.120271] hid-generic 0003:0627:0001.0003: input,hidraw2: USB HID v1.11 Keyboard [QEMU QEMU USB Keyboard] on usb-0000:00:04.0-3/input0
May 18 19:16:47 osmanubuntu kernel: [    2.160975] Btrfs loaded, crc32c=crc32c-generic, zoned=yes, fsverity=yes
May 18 19:16:47 osmanubuntu kernel: [    2.301692] EXT4-fs (dm-0): mounted filesystem with ordered data mode. Opts: (null). Quota mode: none.
May 18 19:16:47 osmanubuntu kernel: [    2.331456] usb 1-4.1: new full-speed USB device number 6 using xhci_hcd
May 18 19:16:47 osmanubuntu kernel: [    2.431624] usb 1-4.1: not running at top speed; connect to a high speed hub
May 18 19:16:47 osmanubuntu kernel: [    2.431888] usb 1-4.1: New USB device found, idVendor=46f4, idProduct=0001, bcdDevice= 0.00
May 18 19:16:47 osmanubuntu kernel: [    2.432060] usb 1-4.1: New USB device strings: Mfr=1, Product=2, SerialNumber=3
May 18 19:16:47 osmanubuntu kernel: [    2.432210] usb 1-4.1: Product: QEMU USB HARDDRIVE
May 18 19:16:47 osmanubuntu kernel: [    2.432316] usb 1-4.1: Manufacturer: QEMU
May 18 19:16:47 osmanubuntu kernel: [    2.432397] usb 1-4.1: SerialNumber: 1-0000:00:04.0-4.1
May 18 19:16:47 osmanubuntu kernel: [    2.585920] pstore: Using crash dump compression: deflate
May 18 19:16:47 osmanubuntu kernel: [    2.587005] pstore: Registered efi as persistent store backend
May 18 19:16:47 osmanubuntu kernel: [    2.594505] EXT4-fs (dm-0): re-mounted. Opts: (null). Quota mode: none.
May 18 19:16:47 osmanubuntu kernel: [    2.616128] alua: device handler registered
May 18 19:16:47 osmanubuntu kernel: [    2.618835] emc: device handler registered
May 18 19:16:47 osmanubuntu kernel: [    2.622410] rdac: device handler registered
May 18 19:16:47 osmanubuntu kernel: [    2.655613] loop0: detected capacity change from 0 to 8
May 18 19:16:47 osmanubuntu kernel: [    2.657475] loop1: detected capacity change from 0 to 122368
May 18 19:16:47 osmanubuntu kernel: [    2.659173] loop2: detected capacity change from 0 to 69032
May 18 19:16:47 osmanubuntu kernel: [    2.822624] EXT4-fs (vda2): mounted filesystem with ordered data mode. Opts: (null). Quota mode: none.
May 18 19:16:47 osmanubuntu kernel: [    2.831351] usb-storage 1-4.1:1.0: USB Mass Storage device detected
May 18 19:16:47 osmanubuntu kernel: [    2.855483] audit: type=1400 audit(1779131804.996:2): apparmor="STATUS" operation="profile_load" profile="unconfined" name="lsb_release" pid=625 comm="apparmor_parser"
May 18 19:16:47 osmanubuntu kernel: [    2.857028] audit: type=1400 audit(1779131804.996:3): apparmor="STATUS" operation="profile_load" profile="unconfined" name="nvidia_modprobe" pid=626 comm="apparmor_parser"
May 18 19:16:47 osmanubuntu kernel: [    2.857031] audit: type=1400 audit(1779131804.996:4): apparmor="STATUS" operation="profile_load" profile="unconfined" name="nvidia_modprobe//kmod" pid=626 comm="apparmor_parser"
May 18 19:16:47 osmanubuntu kernel: [    2.857922] audit: type=1400 audit(1779131804.996:5): apparmor="STATUS" operation="profile_load" profile="unconfined" name="ubuntu_pro_apt_news" pid=628 comm="apparmor_parser"
May 18 19:16:47 osmanubuntu kernel: [    2.861572] audit: type=1400 audit(1779131805.000:6): apparmor="STATUS" operation="profile_load" profile="unconfined" name="/usr/bin/man" pid=636 comm="apparmor_parser"
May 18 19:16:47 osmanubuntu kernel: [    2.861574] audit: type=1400 audit(1779131805.000:7): apparmor="STATUS" operation="profile_load" profile="unconfined" name="man_filter" pid=636 comm="apparmor_parser"
May 18 19:16:47 osmanubuntu kernel: [    2.861575] audit: type=1400 audit(1779131805.000:8): apparmor="STATUS" operation="profile_load" profile="unconfined" name="man_groff" pid=636 comm="apparmor_parser"
May 18 19:16:47 osmanubuntu kernel: [    2.862138] scsi host0: usb-storage 1-4.1:1.0
May 18 19:16:47 osmanubuntu kernel: [    2.864162] audit: type=1400 audit(1779131805.004:9): apparmor="STATUS" operation="profile_load" profile="unconfined" name="/usr/lib/NetworkManager/nm-dhcp-client.action" pid=627 comm="apparmor_parser"
May 18 19:16:47 osmanubuntu kernel: [    2.864164] audit: type=1400 audit(1779131805.004:10): apparmor="STATUS" operation="profile_load" profile="unconfined" name="/usr/lib/NetworkManager/nm-dhcp-helper" pid=627 comm="apparmor_parser"
May 18 19:16:47 osmanubuntu kernel: [    2.875880] usbcore: registered new interface driver usb-storage
May 18 19:16:47 osmanubuntu kernel: [    2.880216] usbcore: registered new interface driver uas
May 18 19:16:47 osmanubuntu kernel: [    2.922183] snd_hda_intel 0000:00:03.0: enabling device (0000 -> 0002)
May 18 19:16:47 osmanubuntu kernel: [    2.922299] snd_hda_intel 0000:00:03.0: Force to snoop mode by module option
May 18 19:16:47 osmanubuntu kernel: [    2.936262] snd_hda_codec_generic hdaudioC0D0: autoconfig for Generic: line_outs=1 (0x3/0x0/0x0/0x0/0x0) type:line
May 18 19:16:47 osmanubuntu kernel: [    2.936266] snd_hda_codec_generic hdaudioC0D0:    speaker_outs=0 (0x0/0x0/0x0/0x0/0x0)
May 18 19:16:47 osmanubuntu kernel: [    2.936267] snd_hda_codec_generic hdaudioC0D0:    hp_outs=0 (0x0/0x0/0x0/0x0/0x0)
May 18 19:16:47 osmanubuntu kernel: [    2.936268] snd_hda_codec_generic hdaudioC0D0:    mono: mono_out=0x0
May 18 19:16:47 osmanubuntu kernel: [    2.936269] snd_hda_codec_generic hdaudioC0D0:    inputs:
May 18 19:16:47 osmanubuntu kernel: [    2.936270] snd_hda_codec_generic hdaudioC0D0:      Line=0x5
May 18 19:16:47 osmanubuntu kernel: [    3.881004] scsi 0:0:0:0: CD-ROM            QEMU     QEMU CD-ROM      2.5+ PQ: 0 ANSI: 5
May 18 19:16:47 osmanubuntu kernel: [    3.882413] sr 0:0:0:0: [sr0] scsi3-mmc drive: 16x/50x cd/rw xa/form2 cdda tray
May 18 19:16:47 osmanubuntu kernel: [    3.882423] cdrom: Uniform CD-ROM driver Revision: 3.20
May 18 19:16:47 osmanubuntu kernel: [    3.884839] sr 0:0:0:0: Attached scsi CD-ROM sr0
May 18 19:16:47 osmanubuntu kernel: [    3.884920] sr 0:0:0:0: Attached scsi generic sg0 type 5
May 18 19:16:47 osmanubuntu kernel: [    5.545807] kauditd_printk_skb: 32 callbacks suppressed
May 18 19:16:47 osmanubuntu kernel: [    5.545809] audit: type=1400 audit(1779131807.684:43): apparmor="DENIED" operation="capable" profile="/usr/sbin/cupsd" pid=776 comm="cupsd" capability=12  capname="net_admin"
May 18 19:16:47 osmanubuntu kernel: [    5.582866] audit: type=1400 audit(1779131807.720:44): apparmor="DENIED" operation="capable" profile="/usr/sbin/cupsd" pid=850 comm="cupsd" capability=12  capname="net_admin"
May 18 19:16:47 osmanubuntu kernel: [    5.621312] loop3: detected capacity change from 0 to 8
May 18 19:16:47 osmanubuntu kernel: [    5.668019] audit: type=1400 audit(1779131807.808:45): apparmor="DENIED" operation="capable" profile="/usr/sbin/cups-browsed" pid=873 comm="cups-browsed" capability=23  capname="sys_nice"
May 18 19:16:47 osmanubuntu kernel: [    5.726641] audit: type=1400 audit(1779131807.864:46): apparmor="STATUS" operation="profile_replace" profile="unconfined" name="/usr/lib/snapd/snap-confine" pid=919 comm="apparmor_parser"
May 18 19:16:47 osmanubuntu kernel: [    5.752191] audit: type=1400 audit(1779131807.892:47): apparmor="STATUS" operation="profile_replace" profile="unconfined" name="/usr/lib/snapd/snap-confine//mount-namespace-capture-helper" pid=919 comm="apparmor_parser"
May 18 19:16:58 osmanubuntu kernel: [   16.341395] virtio_gpu virtio1: [drm] drm_plane_enable_fb_damage_clips() not called
May 18 19:16:59 osmanubuntu kernel: [   17.269937] rfkill: input handler disabled
May 18 19:16:59 osmanubuntu kernel: [   17.661583] input: spice vdagent tablet as /devices/virtual/input/input4
May 18 19:22:12 osmanubuntu kernel: [  331.207628] loop3: detected capacity change from 0 to 122008
May 19 00:00:23 osmanubuntu kernel: [17022.109239] audit: type=1400 audit(1779148823.826:48): apparmor="DENIED" operation="capable" profile="/usr/sbin/cupsd" pid=33788 comm="cupsd" capability=12  capname="net_admin"
May 19 00:00:24 osmanubuntu kernel: [17022.504767] audit: type=1400 audit(1779148824.218:49): apparmor="DENIED" operation="capable" profile="/usr/sbin/cups-browsed" pid=33801 comm="cups-browsed" capability=23  capname="sys_nice"